INSERT INTO public.country (country_id, country, last_update) VALUES (49, 'Italy', '2006-02-15 09:44:00.000000');
INSERT INTO public.country (country_id, country, last_update) VALUES (36, 'French Polynesia', '2006-02-15 09:44:00.000000');
INSERT INTO public.country (country_id, country, last_update) VALUES (34, 'France', '2006-02-15 09:44:00.000000');
INSERT INTO public.country (country_id, country, last_update) VALUES (15, 'Brazil', '2006-02-15 09:44:00.000000');
INSERT INTO public.country (country_id, country, last_update) VALUES (80, 'Russian Federation', '2006-02-15 09:44:00.000000');
INSERT INTO public.country (country_id, country, last_update) VALUES (8, 'Australia', '2006-02-15 09:44:00.000000');
INSERT INTO public.country (country_id, country, last_update) VALUES (68, 'New Zealand', '2006-02-15 09:44:00.000000');
INSERT INTO public.country (country_id, country, last_update) VALUES (12, 'Bangladesh', '2006-02-15 09:44:00.000000');
INSERT INTO public.country (country_id, country, last_update) VALUES (6, 'Argentina', '2006-02-15 09:44:00.000000');
INSERT INTO public.country (country_id, country, last_update) VALUES (82, 'Saudi Arabia', '2006-02-15 09:44:00.000000');
INSERT INTO public.country (country_id, country, last_update) VALUES (46, 'Iran', '2006-02-15 09:44:00.000000');
INSERT INTO public.country (country_id, country, last_update) VALUES (102, 'United Kingdom', '2006-02-15 09:44:00.000000');
INSERT INTO public.country (country_id, country, last_update) VALUES (72, 'Pakistan', '2006-02-15 09:44:00.000000');
INSERT INTO public.country (country_id, country, last_update) VALUES (44, 'India', '2006-02-15 09:44:00.000000');
INSERT INTO public.country (country_id, country, last_update) VALUES (23, 'China', '2006-02-15 09:44:00.000000');
INSERT INTO public.country (country_id, country, last_update) VALUES (69, 'Nigeria', '2006-02-15 09:44:00.000000');
INSERT INTO public.country (country_id, country, last_update) VALUES (54, 'Latvia', '2006-02-15 09:44:00.000000');
INSERT INTO public.country (country_id, country, last_update) VALUES (108, 'Yugoslavia', '2006-02-15 09:44:00.000000');
INSERT INTO public.country (country_id, country, last_update) VALUES (20, 'Canada', '2006-02-15 09:44:00.000000');
INSERT INTO public.country (country_id, country, last_update) VALUES (94, 'Thailand', '2006-02-15 09:44:00.000000');
INSERT INTO public.country (country_id, country, last_update) VALUES (92, 'Taiwan', '2006-02-15 09:44:00.000000');
INSERT INTO public.country (country_id, country, last_update) VALUES (64, 'Myanmar', '2006-02-15 09:44:00.000000');
INSERT INTO public.country (country_id, country, last_update) VALUES (103, 'United States', '2006-02-15 09:44:00.000000');
INSERT INTO public.country (country_id, country, last_update) VALUES (71, 'Oman', '2006-02-15 09:44:00.000000');
INSERT INTO public.country (country_id, country, last_update) VALUES (97, 'Turkey', '2006-02-15 09:44:00.000000');
INSERT INTO public.country (country_id, country, last_update) VALUES (89, 'Sudan', '2006-02-15 09:44:00.000000');
INSERT INTO public.country (country_id, country, last_update) VALUES (61, 'Moldova', '2006-02-15 09:44:00.000000');
INSERT INTO public.country (country_id, country, last_update) VALUES (41, 'Holy See (Vatican City State)', '2006-02-15 09:44:00.000000');
INSERT INTO public.country (country_id, country, last_update) VALUES (39, 'Greece', '2006-02-15 09:44:00.000000');
INSERT INTO public.country (country_id, country, last_update) VALUES (7, 'Armenia', '2006-02-15 09:44:00.000000');
INSERT INTO public.country (country_id, country, last_update) VALUES (87, 'Spain', '2006-02-15 09:44:00.000000');
INSERT INTO public.country (country_id, country, last_update) VALUES (62, 'Morocco', '2006-02-15 09:44:00.000000');
INSERT INTO public.country (country_id, country, last_update) VALUES (50, 'Japan', '2006-02-15 09:44:00.000000');
INSERT INTO public.country (country_id, country, last_update) VALUES (75, 'Philippines', '2006-02-15 09:44:00.000000');
INSERT INTO public.country (country_id, country, last_update) VALUES (22, 'Chile', '2006-02-15 09:44:00.000000');
INSERT INTO public.country (country_id, country, last_update) VALUES (85, 'South Africa', '2006-02-15 09:44:00.000000');

INSERT INTO public.city (city_id, city, country_id, last_update) VALUES (582, 'Yamuna Nagar', 44, '2006-02-15 09:45:25.000000');
INSERT INTO public.city (city_id, city, country_id, last_update) VALUES (327, 'Mardan', 72, '2006-02-15 09:45:25.000000');
INSERT INTO public.city (city_id, city, country_id, last_update) VALUES (27, 'Antofagasta', 22, '2006-02-15 09:45:25.000000');
INSERT INTO public.city (city_id, city, country_id, last_update) VALUES (394, 'Pak Kret', 94, '2006-02-15 09:45:25.000000');
INSERT INTO public.city (city_id, city, country_id, last_update) VALUES (397, 'Papeete', 36, '2006-02-15 09:45:25.000000');
INSERT INTO public.city (city_id, city, country_id, last_update) VALUES (76, 'Bhopal', 44, '2006-02-15 09:45:25.000000');
INSERT INTO public.city (city_id, city, country_id, last_update) VALUES (495, 'Southend-on-Sea', 102, '2006-02-15 09:45:25.000000');
INSERT INTO public.city (city_id, city, country_id, last_update) VALUES (525, 'Tangail', 12, '2006-02-15 09:45:25.000000');
INSERT INTO public.city (city_id, city, country_id, last_update) VALUES (247, 'Juazeiro do Norte', 15, '2006-02-15 09:45:25.000000');
INSERT INTO public.city (city_id, city, country_id, last_update) VALUES (227, 'Iwakuni', 50, '2006-02-15 09:45:25.000000');
INSERT INTO public.city (city_id, city, country_id, last_update) VALUES (120, 'Citrus Heights', 103, '2006-02-15 09:45:25.000000');
INSERT INTO public.city (city_id, city, country_id, last_update) VALUES (367, 'Niznekamsk', 80, '2006-02-15 09:45:25.000000');
INSERT INTO public.city (city_id, city, country_id, last_update) VALUES (115, 'Chisinau', 61, '2006-02-15 09:45:25.000000');
INSERT INTO public.city (city_id, city, country_id, last_update) VALUES (239, 'Jhansi', 44, '2006-02-15 09:45:25.000000');
INSERT INTO public.city (city_id, city, country_id, last_update) VALUES (569, 'Vila Velha', 15, '2006-02-15 09:45:25.000000');
INSERT INTO public.city (city_id, city, country_id, last_update) VALUES (544, 'Toulouse', 34, '2006-02-15 09:45:25.000000');
INSERT INTO public.city (city_id, city, country_id, last_update) VALUES (362, 'Nanyang', 23, '2006-02-15 09:45:25.000000');
INSERT INTO public.city (city_id, city, country_id, last_update) VALUES (38, 'Athenai', 39, '2006-02-15 09:45:25.000000');
INSERT INTO public.city (city_id, city, country_id, last_update) VALUES (361, 'Nantou', 92, '2006-02-15 09:45:25.000000');
INSERT INTO public.city (city_id, city, country_id, last_update) VALUES (576, 'Woodridge', 8, '2006-02-15 09:45:25.000000');
INSERT INTO public.city (city_id, city, country_id, last_update) VALUES (384, 'Osmaniye', 97, '2006-02-15 09:45:25.000000');
INSERT INTO public.city (city_id, city, country_id, last_update) VALUES (353, 'Nador', 62, '2006-02-15 09:45:25.000000');
INSERT INTO public.city (city_id, city, country_id, last_update) VALUES (128, 'Crdoba', 6, '2006-02-15 09:45:25.000000');
INSERT INTO public.city (city_id, city, country_id, last_update) VALUES (49, 'Balaiha', 80, '2006-02-15 09:45:25.000000');
INSERT INTO public.city (city_id, city, country_id, last_update) VALUES (586, 'Yerevan', 7, '2006-02-15 09:45:25.000000');
INSERT INTO public.city (city_id, city, country_id, last_update) VALUES (121, 'Citt del Vaticano', 41, '2006-02-15 09:45:25.000000');
INSERT INTO public.city (city_id, city, country_id, last_update) VALUES (31, 'Arak', 46, '2006-02-15 09:45:25.000000');
INSERT INTO public.city (city_id, city, country_id, last_update) VALUES (284, 'Kurashiki', 50, '2006-02-15 09:45:25.000000');
INSERT INTO public.city (city_id, city, country_id, last_update) VALUES (379, 'Omdurman', 89, '2006-02-15 09:45:25.000000');
INSERT INTO public.city (city_id, city, country_id, last_update) VALUES (200, 'Hamilton', 68, '2006-02-15 09:45:25.000000');
INSERT INTO public.city (city_id, city, country_id, last_update) VALUES (257, 'Kamarhati', 44, '2006-02-15 09:45:25.000000');
INSERT INTO public.city (city_id, city, country_id, last_update) VALUES (167, 'Faaa', 36, '2006-02-15 09:45:25.000000');
INSERT INTO public.city (city_id, city, country_id, last_update) VALUES (443, 'Sal', 62, '2006-02-15 09:45:25.000000');
INSERT INTO public.city (city_id, city, country_id, last_update) VALUES (463, 'Sasebo', 50, '2006-02-15 09:45:25.000000');
INSERT INTO public.city (city_id, city, country_id, last_update) VALUES (343, 'Moscow', 80, '2006-02-15 09:45:25.000000');
INSERT INTO public.city (city_id, city, country_id, last_update) VALUES (303, 'Liepaja', 54, '2006-02-15 09:45:25.000000');
INSERT INTO public.city (city_id, city, country_id, last_update) VALUES (162, 'Esfahan', 46, '2006-02-15 09:45:25.000000');
INSERT INTO public.city (city_id, city, country_id, last_update) VALUES (346, 'Munger (Monghyr)', 44, '2006-02-15 09:45:25.000000');
INSERT INTO public.city (city_id, city, country_id, last_update) VALUES (300, 'Lethbridge', 20, '2006-02-15 09:45:25.000000');
INSERT INTO public.city (city_id, city, country_id, last_update) VALUES (295, 'Laredo', 103, '2006-02-15 09:45:25.000000');
INSERT INTO public.city (city_id, city, country_id, last_update) VALUES (472, 'Shikarpur', 72, '2006-02-15 09:45:25.000000');
INSERT INTO public.city (city_id, city, country_id, last_update) VALUES (329, 'Masqat', 71, '2006-02-15 09:45:25.000000');
INSERT INTO public.city (city_id, city, country_id, last_update) VALUES (308, 'Lipetsk', 80, '2006-02-15 09:45:25.000000');
INSERT INTO public.city (city_id, city, country_id, last_update) VALUES (138, 'Davao', 75, '2006-02-15 09:45:25.000000');
INSERT INTO public.city (city_id, city, country_id, last_update) VALUES (316, 'Lungtan', 92, '2006-02-15 09:45:25.000000');
INSERT INTO public.city (city_id, city, country_id, last_update) VALUES (1, 'A Corua (La Corua)', 87, '2006-02-15 09:45:25.000000');
INSERT INTO public.city (city_id, city, country_id, last_update) VALUES (474, 'Shimonoseki', 50, '2006-02-15 09:45:25.000000');
INSERT INTO public.city (city_id, city, country_id, last_update) VALUES (252, 'Kaduna', 69, '2006-02-15 09:45:25.000000');
INSERT INTO public.city (city_id, city, country_id, last_update) VALUES (17, 'Alessandria', 49, '2006-02-15 09:45:25.000000');
INSERT INTO public.city (city_id, city, country_id, last_update) VALUES (440, 'Sagamihara', 50, '2006-02-15 09:45:25.000000');
INSERT INTO public.city (city_id, city, country_id, last_update) VALUES (355, 'Nagareyama', 50, '2006-02-15 09:45:25.000000');
INSERT INTO public.city (city_id, city, country_id, last_update) VALUES (237, 'Jedda', 82, '2006-02-15 09:45:25.000000');
INSERT INTO public.city (city_id, city, country_id, last_update) VALUES (156, 'Elista', 80, '2006-02-15 09:45:25.000000');
INSERT INTO public.city (city_id, city, country_id, last_update) VALUES (280, 'Kragujevac', 108, '2006-02-15 09:45:25.000000');
INSERT INTO public.city (city_id, city, country_id, last_update) VALUES (449, 'San Bernardino', 103, '2006-02-15 09:45:25.000000');
INSERT INTO public.city (city_id, city, country_id, last_update) VALUES (267, 'Kimberley', 85, '2006-02-15 09:45:25.000000');
INSERT INTO public.city (city_id, city, country_id, last_update) VALUES (349, 'Myingyan', 64, '2006-02-15 09:45:25.000000');
INSERT INTO public.city (city_id, city, country_id, last_update) VALUES (171, 'Fontana', 103, '2006-02-15 09:45:25.000000');


INSERT INTO public.address (address_id, address, address2, district, city_id, postal_code, phone, last_update) VALUES (1, '47 MySakila Drive', null, 'Alberta', 300, '', '', '2006-02-15 09:45:30.000000');
INSERT INTO public.address (address_id, address, address2, district, city_id, postal_code, phone, last_update) VALUES (2, '28 MySQL Boulevard', null, 'QLD', 576, '', '', '2006-02-15 09:45:30.000000');
INSERT INTO public.address (address_id, address, address2, district, city_id, postal_code, phone, last_update) VALUES (3, '23 Workhaven Lane', null, 'Alberta', 300, '', '14033335568', '2006-02-15 09:45:30.000000');
INSERT INTO public.address (address_id, address, address2, district, city_id, postal_code, phone, last_update) VALUES (4, '1411 Lillydale Drive', null, 'QLD', 576, '', '6172235589', '2006-02-15 09:45:30.000000');
INSERT INTO public.address (address_id, address, address2, district, city_id, postal_code, phone, last_update) VALUES (5, '1913 Hanoi Way', '', 'Nagasaki', 463, '35200', '28303384290', '2006-02-15 09:45:30.000000');
INSERT INTO public.address (address_id, address, address2, district, city_id, postal_code, phone, last_update) VALUES (6, '1121 Loja Avenue', '', 'California', 449, '17886', '838635286649', '2006-02-15 09:45:30.000000');
INSERT INTO public.address (address_id, address, address2, district, city_id, postal_code, phone, last_update) VALUES (7, '692 Joliet Street', '', 'Attika', 38, '83579', '448477190408', '2006-02-15 09:45:30.000000');
INSERT INTO public.address (address_id, address, address2, district, city_id, postal_code, phone, last_update) VALUES (8, '1566 Inegl Manor', '', 'Mandalay', 349, '53561', '705814003527', '2006-02-15 09:45:30.000000');
INSERT INTO public.address (address_id, address, address2, district, city_id, postal_code, phone, last_update) VALUES (9, '53 Idfu Parkway', '', 'Nantou', 361, '42399', '10655648674', '2006-02-15 09:45:30.000000');
INSERT INTO public.address (address_id, address, address2, district, city_id, postal_code, phone, last_update) VALUES (10, '1795 Santiago de Compostela Way', '', 'Texas', 295, '18743', '860452626434', '2006-02-15 09:45:30.000000');
INSERT INTO public.address (address_id, address, address2, district, city_id, postal_code, phone, last_update) VALUES (11, '900 Santiago de Compostela Parkway', '', 'Central Serbia', 280, '93896', '716571220373', '2006-02-15 09:45:30.000000');
INSERT INTO public.address (address_id, address, address2, district, city_id, postal_code, phone, last_update) VALUES (12, '478 Joliet Way', '', 'Hamilton', 200, '77948', '657282285970', '2006-02-15 09:45:30.000000');
INSERT INTO public.address (address_id, address, address2, district, city_id, postal_code, phone, last_update) VALUES (13, '613 Korolev Drive', '', 'Masqat', 329, '45844', '380657522649', '2006-02-15 09:45:30.000000');
INSERT INTO public.address (address_id, address, address2, district, city_id, postal_code, phone, last_update) VALUES (14, '1531 Sal Drive', '', 'Esfahan', 162, '53628', '648856936185', '2006-02-15 09:45:30.000000');
INSERT INTO public.address (address_id, address, address2, district, city_id, postal_code, phone, last_update) VALUES (15, '1542 Tarlac Parkway', '', 'Kanagawa', 440, '1027', '635297277345', '2006-02-15 09:45:30.000000');
INSERT INTO public.address (address_id, address, address2, district, city_id, postal_code, phone, last_update) VALUES (16, '808 Bhopal Manor', '', 'Haryana', 582, '10672', '465887807014', '2006-02-15 09:45:30.000000');
INSERT INTO public.address (address_id, address, address2, district, city_id, postal_code, phone, last_update) VALUES (17, '270 Amroha Parkway', '', 'Osmaniye', 384, '29610', '695479687538', '2006-02-15 09:45:30.000000');
INSERT INTO public.address (address_id, address, address2, district, city_id, postal_code, phone, last_update) VALUES (18, '770 Bydgoszcz Avenue', '', 'California', 120, '16266', '517338314235', '2006-02-15 09:45:30.000000');
INSERT INTO public.address (address_id, address, address2, district, city_id, postal_code, phone, last_update) VALUES (19, '419 Iligan Lane', '', 'Madhya Pradesh', 76, '72878', '990911107354', '2006-02-15 09:45:30.000000');
INSERT INTO public.address (address_id, address, address2, district, city_id, postal_code, phone, last_update) VALUES (20, '360 Toulouse Parkway', '', 'England', 495, '54308', '949312333307', '2006-02-15 09:45:30.000000');
INSERT INTO public.address (address_id, address, address2, district, city_id, postal_code, phone, last_update) VALUES (21, '270 Toulon Boulevard', '', 'Kalmykia', 156, '81766', '407752414682', '2006-02-15 09:45:30.000000');
INSERT INTO public.address (address_id, address, address2, district, city_id, postal_code, phone, last_update) VALUES (22, '320 Brest Avenue', '', 'Kaduna', 252, '43331', '747791594069', '2006-02-15 09:45:30.000000');
INSERT INTO public.address (address_id, address, address2, district, city_id, postal_code, phone, last_update) VALUES (23, '1417 Lancaster Avenue', '', 'Northern Cape', 267, '72192', '272572357893', '2006-02-15 09:45:30.000000');
INSERT INTO public.address (address_id, address, address2, district, city_id, postal_code, phone, last_update) VALUES (24, '1688 Okara Way', '', 'Nothwest Border Prov', 327, '21954', '144453869132', '2006-02-15 09:45:30.000000');
INSERT INTO public.address (address_id, address, address2, district, city_id, postal_code, phone, last_update) VALUES (25, '262 A Corua (La Corua) Parkway', '', 'Dhaka', 525, '34418', '892775750063', '2006-02-15 09:45:30.000000');
INSERT INTO public.address (address_id, address, address2, district, city_id, postal_code, phone, last_update) VALUES (26, '28 Charlotte Amalie Street', '', 'Rabat-Sal-Zammour-Z', 443, '37551', '161968374323', '2006-02-15 09:45:30.000000');
INSERT INTO public.address (address_id, address, address2, district, city_id, postal_code, phone, last_update) VALUES (27, '1780 Hino Boulevard', '', 'Liepaja', 303, '7716', '902731229323', '2006-02-15 09:45:30.000000');
INSERT INTO public.address (address_id, address, address2, district, city_id, postal_code, phone, last_update) VALUES (28, '96 Tafuna Way', '', 'Crdoba', 128, '99865', '934730187245', '2006-02-15 09:45:30.000000');
INSERT INTO public.address (address_id, address, address2, district, city_id, postal_code, phone, last_update) VALUES (29, '934 San Felipe de Puerto Plata Street', '', 'Sind', 472, '99780', '196495945706', '2006-02-15 09:45:30.000000');
INSERT INTO public.address (address_id, address, address2, district, city_id, postal_code, phone, last_update) VALUES (30, '18 Duisburg Boulevard', '', '', 121, '58327', '998009777982', '2006-02-15 09:45:30.000000');
INSERT INTO public.address (address_id, address, address2, district, city_id, postal_code, phone, last_update) VALUES (31, '217 Botshabelo Place', '', 'Southern Mindanao', 138, '49521', '665356572025', '2006-02-15 09:45:30.000000');
INSERT INTO public.address (address_id, address, address2, district, city_id, postal_code, phone, last_update) VALUES (32, '1425 Shikarpur Manor', '', 'Bihar', 346, '65599', '678220867005', '2006-02-15 09:45:30.000000');
INSERT INTO public.address (address_id, address, address2, district, city_id, postal_code, phone, last_update) VALUES (33, '786 Aurora Avenue', '', 'Yamaguchi', 474, '65750', '18461860151', '2006-02-15 09:45:30.000000');
INSERT INTO public.address (address_id, address, address2, district, city_id, postal_code, phone, last_update) VALUES (34, '1668 Anpolis Street', '', 'Taipei', 316, '50199', '525255540978', '2006-02-15 09:45:30.000000');
INSERT INTO public.address (address_id, address, address2, district, city_id, postal_code, phone, last_update) VALUES (35, '33 Gorontalo Way', '', 'West Bengali', 257, '30348', '745994947458', '2006-02-15 09:45:30.000000');
INSERT INTO public.address (address_id, address, address2, district, city_id, postal_code, phone, last_update) VALUES (36, '176 Mandaluyong Place', '', 'Uttar Pradesh', 239, '65213', '627705991774', '2006-02-15 09:45:30.000000');
INSERT INTO public.address (address_id, address, address2, district, city_id, postal_code, phone, last_update) VALUES (37, '127 Purnea (Purnia) Manor', '', 'Piemonte', 17, '79388', '911872220378', '2006-02-15 09:45:30.000000');
INSERT INTO public.address (address_id, address, address2, district, city_id, postal_code, phone, last_update) VALUES (38, '61 Tama Street', '', 'Okayama', 284, '94065', '708403338270', '2006-02-15 09:45:30.000000');
INSERT INTO public.address (address_id, address, address2, district, city_id, postal_code, phone, last_update) VALUES (39, '391 Callao Drive', '', 'Midi-Pyrnes', 544, '34021', '440512153169', '2006-02-15 09:45:30.000000');
INSERT INTO public.address (address_id, address, address2, district, city_id, postal_code, phone, last_update) VALUES (40, '334 Munger (Monghyr) Lane', '', 'Markazi', 31, '38145', '481183273622', '2006-02-15 09:45:30.000000');
INSERT INTO public.address (address_id, address, address2, district, city_id, postal_code, phone, last_update) VALUES (41, '1440 Fukuyama Loop', '', 'Henan', 362, '47929', '912257250465', '2006-02-15 09:45:30.000000');
INSERT INTO public.address (address_id, address, address2, district, city_id, postal_code, phone, last_update) VALUES (42, '269 Cam Ranh Parkway', '', 'Chisinau', 115, '34689', '489783829737', '2006-02-15 09:45:30.000000');
INSERT INTO public.address (address_id, address, address2, district, city_id, postal_code, phone, last_update) VALUES (43, '306 Antofagasta Place', '', 'Esprito Santo', 569, '3989', '378318851631', '2006-02-15 09:45:30.000000');
INSERT INTO public.address (address_id, address, address2, district, city_id, postal_code, phone, last_update) VALUES (44, '671 Graz Street', '', 'Oriental', 353, '94399', '680768868518', '2006-02-15 09:45:30.000000');
INSERT INTO public.address (address_id, address, address2, district, city_id, postal_code, phone, last_update) VALUES (45, '42 Brindisi Place', '', 'Yerevan', 586, '16744', '42384721397', '2006-02-15 09:45:30.000000');
INSERT INTO public.address (address_id, address, address2, district, city_id, postal_code, phone, last_update) VALUES (46, '1632 Bislig Avenue', '', 'Nonthaburi', 394, '61117', '471675840679', '2006-02-15 09:45:30.000000');
INSERT INTO public.address (address_id, address, address2, district, city_id, postal_code, phone, last_update) VALUES (47, '1447 Imus Way', '', 'Tahiti', 167, '48942', '539758313890', '2006-02-15 09:45:30.000000');
INSERT INTO public.address (address_id, address, address2, district, city_id, postal_code, phone, last_update) VALUES (48, '1998 Halifax Drive', '', 'Lipetsk', 308, '76022', '177727722820', '2006-02-15 09:45:30.000000');
INSERT INTO public.address (address_id, address, address2, district, city_id, postal_code, phone, last_update) VALUES (49, '1718 Valencia Street', '', 'Antofagasta', 27, '37359', '675292816413', '2006-02-15 09:45:30.000000');
INSERT INTO public.address (address_id, address, address2, district, city_id, postal_code, phone, last_update) VALUES (50, '46 Pjatigorsk Lane', '', 'Moscow (City)', 343, '23616', '262076994845', '2006-02-15 09:45:30.000000');
INSERT INTO public.address (address_id, address, address2, district, city_id, postal_code, phone, last_update) VALUES (51, '686 Garland Manor', '', 'Cear', 247, '52535', '69493378813', '2006-02-15 09:45:30.000000');
INSERT INTO public.address (address_id, address, address2, district, city_id, postal_code, phone, last_update) VALUES (52, '909 Garland Manor', '', 'Tatarstan', 367, '69367', '705800322606', '2006-02-15 09:45:30.000000');
INSERT INTO public.address (address_id, address, address2, district, city_id, postal_code, phone, last_update) VALUES (53, '725 Isesaki Place', '', 'Mekka', 237, '74428', '876295323994', '2006-02-15 09:45:30.000000');
INSERT INTO public.address (address_id, address, address2, district, city_id, postal_code, phone, last_update) VALUES (54, '115 Hidalgo Parkway', '', 'Khartum', 379, '80168', '307703950263', '2006-02-15 09:45:30.000000');
INSERT INTO public.address (address_id, address, address2, district, city_id, postal_code, phone, last_update) VALUES (55, '1135 Izumisano Parkway', '', 'California', 171, '48150', '171822533480', '2006-02-15 09:45:30.000000');
INSERT INTO public.address (address_id, address, address2, district, city_id, postal_code, phone, last_update) VALUES (56, '939 Probolinggo Loop', '', 'Galicia', 1, '4166', '680428310138', '2006-02-15 09:45:30.000000');
INSERT INTO public.address (address_id, address, address2, district, city_id, postal_code, phone, last_update) VALUES (57, '17 Kabul Boulevard', '', 'Chiba', 355, '38594', '697760867968', '2006-02-15 09:45:30.000000');
INSERT INTO public.address (address_id, address, address2, district, city_id, postal_code, phone, last_update) VALUES (58, '1964 Allappuzha (Alleppey) Street', '', 'Yamaguchi', 227, '48980', '920811325222', '2006-02-15 09:45:30.000000');
INSERT INTO public.address (address_id, address, address2, district, city_id, postal_code, phone, last_update) VALUES (59, '1697 Kowloon and New Kowloon Loop', '', 'Moskova', 49, '57807', '499352017190', '2006-02-15 09:45:30.000000');
INSERT INTO public.address (address_id, address, address2, district, city_id, postal_code, phone, last_update) VALUES (60, '1668 Saint Louis Place', '', 'Tahiti', 397, '39072', '347487831378', '2006-02-15 09:45:30.000000');

INSERT INTO public.language (language_id, name, last_update) VALUES (1, 'English             ', '2006-02-15 10:02:19.000000');
INSERT INTO public.language (language_id, name, last_update) VALUES (2, 'Italian             ', '2006-02-15 10:02:19.000000');
INSERT INTO public.language (language_id, name, last_update) VALUES (3, 'Japanese            ', '2006-02-15 10:02:19.000000');
INSERT INTO public.language (language_id, name, last_update) VALUES (4, 'Mandarin            ', '2006-02-15 10:02:19.000000');
INSERT INTO public.language (language_id, name, last_update) VALUES (5, 'French              ', '2006-02-15 10:02:19.000000');
INSERT INTO public.language (language_id, name, last_update) VALUES (6, 'German              ', '2006-02-15 10:02:19.000000');

INSERT INTO public.category (category_id, name, last_update) VALUES (1, 'Action', '2006-02-15 09:46:27.000000');
INSERT INTO public.category (category_id, name, last_update) VALUES (2, 'Animation', '2006-02-15 09:46:27.000000');
INSERT INTO public.category (category_id, name, last_update) VALUES (3, 'Children', '2006-02-15 09:46:27.000000');
INSERT INTO public.category (category_id, name, last_update) VALUES (4, 'Classics', '2006-02-15 09:46:27.000000');
INSERT INTO public.category (category_id, name, last_update) VALUES (5, 'Comedy', '2006-02-15 09:46:27.000000');
INSERT INTO public.category (category_id, name, last_update) VALUES (6, 'Documentary', '2006-02-15 09:46:27.000000');
INSERT INTO public.category (category_id, name, last_update) VALUES (7, 'Drama', '2006-02-15 09:46:27.000000');
INSERT INTO public.category (category_id, name, last_update) VALUES (8, 'Family', '2006-02-15 09:46:27.000000');
INSERT INTO public.category (category_id, name, last_update) VALUES (9, 'Foreign', '2006-02-15 09:46:27.000000');
INSERT INTO public.category (category_id, name, last_update) VALUES (10, 'Games', '2006-02-15 09:46:27.000000');
INSERT INTO public.category (category_id, name, last_update) VALUES (11, 'Horror', '2006-02-15 09:46:27.000000');
INSERT INTO public.category (category_id, name, last_update) VALUES (12, 'Music', '2006-02-15 09:46:27.000000');
INSERT INTO public.category (category_id, name, last_update) VALUES (13, 'New', '2006-02-15 09:46:27.000000');
INSERT INTO public.category (category_id, name, last_update) VALUES (14, 'Sci-Fi', '2006-02-15 09:46:27.000000');
INSERT INTO public.category (category_id, name, last_update) VALUES (15, 'Sports', '2006-02-15 09:46:27.000000');
INSERT INTO public.category (category_id, name, last_update) VALUES (16, 'Travel', '2006-02-15 09:46:27.000000');

INSERT INTO public.actor (actor_id, first_name, last_name, last_update) VALUES (1, 'Penelope', 'Guiness', '2013-05-26 14:47:57.620000');
INSERT INTO public.actor (actor_id, first_name, last_name, last_update) VALUES (2, 'Nick', 'Wahlberg', '2013-05-26 14:47:57.620000');
INSERT INTO public.actor (actor_id, first_name, last_name, last_update) VALUES (3, 'Ed', 'Chase', '2013-05-26 14:47:57.620000');
INSERT INTO public.actor (actor_id, first_name, last_name, last_update) VALUES (4, 'Jennifer', 'Davis', '2013-05-26 14:47:57.620000');
INSERT INTO public.actor (actor_id, first_name, last_name, last_update) VALUES (5, 'Johnny', 'Lollobrigida', '2013-05-26 14:47:57.620000');
INSERT INTO public.actor (actor_id, first_name, last_name, last_update) VALUES (6, 'Bette', 'Nicholson', '2013-05-26 14:47:57.620000');
INSERT INTO public.actor (actor_id, first_name, last_name, last_update) VALUES (7, 'Grace', 'Mostel', '2013-05-26 14:47:57.620000');
INSERT INTO public.actor (actor_id, first_name, last_name, last_update) VALUES (8, 'Matthew', 'Johansson', '2013-05-26 14:47:57.620000');
INSERT INTO public.actor (actor_id, first_name, last_name, last_update) VALUES (9, 'Joe', 'Swank', '2013-05-26 14:47:57.620000');
INSERT INTO public.actor (actor_id, first_name, last_name, last_update) VALUES (10, 'Christian', 'Gable', '2013-05-26 14:47:57.620000');
INSERT INTO public.actor (actor_id, first_name, last_name, last_update) VALUES (11, 'Zero', 'Cage', '2013-05-26 14:47:57.620000');
INSERT INTO public.actor (actor_id, first_name, last_name, last_update) VALUES (12, 'Karl', 'Berry', '2013-05-26 14:47:57.620000');
INSERT INTO public.actor (actor_id, first_name, last_name, last_update) VALUES (13, 'Uma', 'Wood', '2013-05-26 14:47:57.620000');
INSERT INTO public.actor (actor_id, first_name, last_name, last_update) VALUES (14, 'Vivien', 'Bergen', '2013-05-26 14:47:57.620000');
INSERT INTO public.actor (actor_id, first_name, last_name, last_update) VALUES (15, 'Cuba', 'Olivier', '2013-05-26 14:47:57.620000');
INSERT INTO public.actor (actor_id, first_name, last_name, last_update) VALUES (16, 'Fred', 'Costner', '2013-05-26 14:47:57.620000');
INSERT INTO public.actor (actor_id, first_name, last_name, last_update) VALUES (17, 'Helen', 'Voight', '2013-05-26 14:47:57.620000');
INSERT INTO public.actor (actor_id, first_name, last_name, last_update) VALUES (18, 'Dan', 'Torn', '2013-05-26 14:47:57.620000');
INSERT INTO public.actor (actor_id, first_name, last_name, last_update) VALUES (19, 'Bob', 'Fawcett', '2013-05-26 14:47:57.620000');
INSERT INTO public.actor (actor_id, first_name, last_name, last_update) VALUES (20, 'Lucille', 'Tracy', '2013-05-26 14:47:57.620000');

INSERT INTO public.film (film_id, title, description, release_year, language_id, rental_duration, rental_rate, length, replacement_cost, rating, last_update, special_features, fulltext) VALUES (1, 'Academy Dinosaur', 'A Epic Drama of a Feminist And a Mad Scientist who must Battle a Teacher in The Canadian Rockies', 2006, 1, 6, 0.99, 86, 20.99, 'PG', '2013-05-26 14:50:58.951000', '{Deleted Scenes,Behind the Scenes}', '''academi'':1 ''battl'':15 ''canadian'':20 ''dinosaur'':2 ''drama'':5 ''epic'':4 ''feminist'':8 ''mad'':11 ''must'':14 ''rocki'':21 ''scientist'':12 ''teacher'':17');
INSERT INTO public.film (film_id, title, description, release_year, language_id, rental_duration, rental_rate, length, replacement_cost, rating, last_update, special_features, fulltext) VALUES (2, 'Ace Goldfinger', 'A Astounding Epistle of a Database Administrator And a Explorer who must Find a Car in Ancient China', 2006, 1, 3, 4.99, 48, 12.99, 'G', '2013-05-26 14:50:58.951000', '{Trailers,Deleted Scenes}', '''ace'':1 ''administr'':9 ''ancient'':19 ''astound'':4 ''car'':17 ''china'':20 ''databas'':8 ''epistl'':5 ''explor'':12 ''find'':15 ''goldfing'':2 ''must'':14');
INSERT INTO public.film (film_id, title, description, release_year, language_id, rental_duration, rental_rate, length, replacement_cost, rating, last_update, special_features, fulltext) VALUES (3, 'Adaptation Holes', 'A Astounding Reflection of a Lumberjack And a Car who must Sink a Lumberjack in A Baloon Factory', 2006, 1, 7, 2.99, 50, 18.99, 'NC_17', '2013-05-26 14:50:58.951000', '{Trailers,Deleted Scenes}', '''adapt'':1 ''astound'':4 ''baloon'':19 ''car'':11 ''factori'':20 ''hole'':2 ''lumberjack'':8,16 ''must'':13 ''reflect'':5 ''sink'':14');
INSERT INTO public.film (film_id, title, description, release_year, language_id, rental_duration, rental_rate, length, replacement_cost, rating, last_update, special_features, fulltext) VALUES (9, 'Alabama Devil', 'A Thoughtful Panorama of a Database Administrator And a Mad Scientist who must Outgun a Mad Scientist in A Jet Boat', 2006, 1, 3, 2.99, 114, 21.99, 'PG_13', '2013-05-26 14:50:58.951000', '{Trailers,Deleted Scenes}', '''administr'':9 ''alabama'':1 ''boat'':23 ''databas'':8 ''devil'':2 ''jet'':22 ''mad'':12,18 ''must'':15 ''outgun'':16 ''panorama'':5 ''scientist'':13,19 ''thought'':4');
INSERT INTO public.film (film_id, title, description, release_year, language_id, rental_duration, rental_rate, length, replacement_cost, rating, last_update, special_features, fulltext) VALUES (16, 'Alley Evolution', 'A Fast-Paced Drama of a Robot And a Composer who must Battle a Astronaut in New Orleans', 2006, 1, 6, 2.99, 180, 23.99, 'NC_17', '2013-05-26 14:50:58.951000', '{Trailers,Commentaries}', '''alley'':1 ''astronaut'':18 ''battl'':16 ''compos'':13 ''drama'':7 ''evolut'':2 ''fast'':5 ''fast-pac'':4 ''must'':15 ''new'':20 ''orlean'':21 ''pace'':6 ''robot'':10');
INSERT INTO public.film (film_id, title, description, release_year, language_id, rental_duration, rental_rate, length, replacement_cost, rating, last_update, special_features, fulltext) VALUES (17, 'Alone Trip', 'A Fast-Paced Character Study of a Composer And a Dog who must Outgun a Boat in An Abandoned Fun House', 2006, 1, 3, 0.99, 82, 14.99, 'R', '2013-05-26 14:50:58.951000', '{Trailers,Behind the Scenes}', '''abandon'':22 ''alon'':1 ''boat'':19 ''charact'':7 ''compos'':11 ''dog'':14 ''fast'':5 ''fast-pac'':4 ''fun'':23 ''hous'':24 ''must'':16 ''outgun'':17 ''pace'':6 ''studi'':8 ''trip'':2');
INSERT INTO public.film (film_id, title, description, release_year, language_id, rental_duration, rental_rate, length, replacement_cost, rating, last_update, special_features, fulltext) VALUES (19, 'Amadeus Holy', 'A Emotional Display of a Pioneer And a Technical Writer who must Battle a Man in A Baloon', 2006, 1, 6, 0.99, 113, 20.99, 'PG', '2013-05-26 14:50:58.951000', '{Commentaries,Deleted Scenes,Behind the Scenes}', '''amadeus'':1 ''baloon'':20 ''battl'':15 ''display'':5 ''emot'':4 ''holi'':2 ''man'':17 ''must'':14 ''pioneer'':8 ''technic'':11 ''writer'':12');
INSERT INTO public.film (film_id, title, description, release_year, language_id, rental_duration, rental_rate, length, replacement_cost, rating, last_update, special_features, fulltext) VALUES (23, 'Anaconda Confessions', 'A Lacklusture Display of a Dentist And a Dentist who must Fight a Girl in Australia', 2006, 1, 3, 0.99, 92, 9.99, 'R', '2013-05-26 14:50:58.951000', '{Trailers,Deleted Scenes}', '''anaconda'':1 ''australia'':18 ''confess'':2 ''dentist'':8,11 ''display'':5 ''fight'':14 ''girl'':16 ''lacklustur'':4 ''must'':13');
INSERT INTO public.film (film_id, title, description, release_year, language_id, rental_duration, rental_rate, length, replacement_cost, rating, last_update, special_features, fulltext) VALUES (25, 'Angels Life', 'A Thoughtful Display of a Woman And a Astronaut who must Battle a Robot in Berlin', 2006, 1, 3, 2.99, 74, 15.99, 'G', '2013-05-26 14:50:58.951000', '{Trailers}', '''angel'':1 ''astronaut'':11 ''battl'':14 ''berlin'':18 ''display'':5 ''life'':2 ''must'':13 ''robot'':16 ''thought'':4 ''woman'':8');
INSERT INTO public.film (film_id, title, description, release_year, language_id, rental_duration, rental_rate, length, replacement_cost, rating, last_update, special_features, fulltext) VALUES (27, 'Anonymous Human', 'A Amazing Reflection of a Database Administrator And a Astronaut who must Outrace a Database Administrator in A Shark Tank', 2006, 1, 7, 0.99, 179, 12.99, 'NC_17', '2013-05-26 14:50:58.951000', '{Deleted Scenes,Behind the Scenes}', '''administr'':9,18 ''amaz'':4 ''anonym'':1 ''astronaut'':12 ''databas'':8,17 ''human'':2 ''must'':14 ''outrac'':15 ''reflect'':5 ''shark'':21 ''tank'':22');
INSERT INTO public.film (film_id, title, description, release_year, language_id, rental_duration, rental_rate, length, replacement_cost, rating, last_update, special_features, fulltext) VALUES (29, 'Antitrust Tomatoes', 'A Fateful Yarn of a Womanizer And a Feminist who must Succumb a Database Administrator in Ancient India', 2006, 1, 5, 2.99, 168, 11.99, 'NC_17', '2013-05-26 14:50:58.951000', '{Trailers,Commentaries,Deleted Scenes}', '''administr'':17 ''ancient'':19 ''antitrust'':1 ''databas'':16 ''fate'':4 ''feminist'':11 ''india'':20 ''must'':13 ''succumb'':14 ''tomato'':2 ''woman'':8 ''yarn'':5');
INSERT INTO public.film (film_id, title, description, release_year, language_id, rental_duration, rental_rate, length, replacement_cost, rating, last_update, special_features, fulltext) VALUES (30, 'Anything Savannah', 'A Epic Story of a Pastry Chef And a Woman who must Chase a Feminist in An Abandoned Fun House', 2006, 1, 4, 2.99, 82, 27.99, 'R', '2013-05-26 14:50:58.951000', '{Trailers,Deleted Scenes,Behind the Scenes}', '''abandon'':20 ''anyth'':1 ''chase'':15 ''chef'':9 ''epic'':4 ''feminist'':17 ''fun'':21 ''hous'':22 ''must'':14 ''pastri'':8 ''savannah'':2 ''stori'':5 ''woman'':12');
INSERT INTO public.film (film_id, title, description, release_year, language_id, rental_duration, rental_rate, length, replacement_cost, rating, last_update, special_features, fulltext) VALUES (31, 'Apache Divine', 'A Awe-Inspiring Reflection of a Pastry Chef And a Teacher who must Overcome a Sumo Wrestler in A U-Boat', 2006, 1, 5, 4.99, 92, 16.99, 'NC_17', '2013-05-26 14:50:58.951000', '{Commentaries,Deleted Scenes,Behind the Scenes}', '''apach'':1 ''awe'':5 ''awe-inspir'':4 ''boat'':25 ''chef'':11 ''divin'':2 ''inspir'':6 ''must'':16 ''overcom'':17 ''pastri'':10 ''reflect'':7 ''sumo'':19 ''teacher'':14 ''u'':24 ''u-boat'':23 ''wrestler'':20');
INSERT INTO public.film (film_id, title, description, release_year, language_id, rental_duration, rental_rate, length, replacement_cost, rating, last_update, special_features, fulltext) VALUES (34, 'Arabia Dogma', 'A Touching Epistle of a Madman And a Mad Cow who must Defeat a Student in Nigeria', 2006, 1, 6, 0.99, 62, 29.99, 'NC_17', '2013-05-26 14:50:58.951000', '{Commentaries,Deleted Scenes}', '''arabia'':1 ''cow'':12 ''defeat'':15 ''dogma'':2 ''epistl'':5 ''mad'':11 ''madman'':8 ''must'':14 ''nigeria'':19 ''student'':17 ''touch'':4');
INSERT INTO public.film (film_id, title, description, release_year, language_id, rental_duration, rental_rate, length, replacement_cost, rating, last_update, special_features, fulltext) VALUES (35, 'Arachnophobia Rollercoaster', 'A Action-Packed Reflection of a Pastry Chef And a Composer who must Discover a Mad Scientist in The First Manned Space Station', 2006, 1, 4, 2.99, 147, 24.99, 'PG_13', '2013-05-26 14:50:58.951000', '{Trailers,Deleted Scenes,Behind the Scenes}', '''action'':5 ''action-pack'':4 ''arachnophobia'':1 ''chef'':11 ''compos'':14 ''discov'':17 ''first'':23 ''mad'':19 ''man'':24 ''must'':16 ''pack'':6 ''pastri'':10 ''reflect'':7 ''rollercoast'':2 ''scientist'':20 ''space'':25 ''station'':26');
INSERT INTO public.film (film_id, title, description, release_year, language_id, rental_duration, rental_rate, length, replacement_cost, rating, last_update, special_features, fulltext) VALUES (37, 'Arizona Bang', 'A Brilliant Panorama of a Mad Scientist And a Mad Cow who must Meet a Pioneer in A Monastery', 2006, 1, 3, 2.99, 121, 28.99, 'PG', '2013-05-26 14:50:58.951000', '{Trailers,Deleted Scenes}', '''arizona'':1 ''bang'':2 ''brilliant'':4 ''cow'':13 ''mad'':8,12 ''meet'':16 ''monasteri'':21 ''must'':15 ''panorama'':5 ''pioneer'':18 ''scientist'':9');
INSERT INTO public.film (film_id, title, description, release_year, language_id, rental_duration, rental_rate, length, replacement_cost, rating, last_update, special_features, fulltext) VALUES (40, 'Army Flintstones', 'A Boring Saga of a Database Administrator And a Womanizer who must Battle a Waitress in Nigeria', 2006, 1, 4, 0.99, 148, 22.99, 'R', '2013-05-26 14:50:58.951000', '{Trailers,Commentaries}', '''administr'':9 ''armi'':1 ''battl'':15 ''bore'':4 ''databas'':8 ''flintston'':2 ''must'':14 ''nigeria'':19 ''saga'':5 ''waitress'':17 ''woman'':12');
INSERT INTO public.film (film_id, title, description, release_year, language_id, rental_duration, rental_rate, length, replacement_cost, rating, last_update, special_features, fulltext) VALUES (42, 'Artist Coldblooded', 'A Stunning Reflection of a Robot And a Moose who must Challenge a Woman in California', 2006, 1, 5, 2.99, 170, 10.99, 'NC_17', '2013-05-26 14:50:58.951000', '{Trailers,Behind the Scenes}', '''artist'':1 ''california'':18 ''challeng'':14 ''coldblood'':2 ''moos'':11 ''must'':13 ''reflect'':5 ''robot'':8 ''stun'':4 ''woman'':16');
INSERT INTO public.film (film_id, title, description, release_year, language_id, rental_duration, rental_rate, length, replacement_cost, rating, last_update, special_features, fulltext) VALUES (44, 'Attacks Hate', 'A Fast-Paced Panorama of a Technical Writer And a Mad Scientist who must Find a Feminist in An Abandoned Mine Shaft', 2006, 1, 5, 4.99, 113, 21.99, 'PG_13', '2013-05-26 14:50:58.951000', '{Trailers,Behind the Scenes}', '''abandon'':23 ''attack'':1 ''fast'':5 ''fast-pac'':4 ''feminist'':20 ''find'':18 ''hate'':2 ''mad'':14 ''mine'':24 ''must'':17 ''pace'':6 ''panorama'':7 ''scientist'':15 ''shaft'':25 ''technic'':10 ''writer'':11');
INSERT INTO public.film (film_id, title, description, release_year, language_id, rental_duration, rental_rate, length, replacement_cost, rating, last_update, special_features, fulltext) VALUES (45, 'Attraction Newton', 'A Astounding Panorama of a Composer And a Frisbee who must Reach a Husband in Ancient Japan', 2006, 1, 5, 4.99, 83, 14.99, 'PG_13', '2013-05-26 14:50:58.951000', '{Trailers,Behind the Scenes}', '''ancient'':18 ''astound'':4 ''attract'':1 ''compos'':8 ''frisbe'':11 ''husband'':16 ''japan'':19 ''must'':13 ''newton'':2 ''panorama'':5 ''reach'':14');
INSERT INTO public.film (film_id, title, description, release_year, language_id, rental_duration, rental_rate, length, replacement_cost, rating, last_update, special_features, fulltext) VALUES (47, 'Baby Hall', 'A Boring Character Study of a A Shark And a Girl who must Outrace a Feminist in An Abandoned Mine Shaft', 2006, 1, 5, 4.99, 153, 23.99, 'NC_17', '2013-05-26 14:50:58.951000', '{Commentaries}', '''abandon'':21 ''babi'':1 ''bore'':4 ''charact'':5 ''feminist'':18 ''girl'':13 ''hall'':2 ''mine'':22 ''must'':15 ''outrac'':16 ''shaft'':23 ''shark'':10 ''studi'':6');
INSERT INTO public.film (film_id, title, description, release_year, language_id, rental_duration, rental_rate, length, replacement_cost, rating, last_update, special_features, fulltext) VALUES (53, 'Bang Kwai', 'A Epic Drama of a Madman And a Cat who must Face a A Shark in An Abandoned Amusement Park', 2006, 1, 5, 2.99, 87, 25.99, 'NC_17', '2013-05-26 14:50:58.951000', '{Commentaries,Deleted Scenes,Behind the Scenes}', '''abandon'':20 ''amus'':21 ''bang'':1 ''cat'':11 ''drama'':5 ''epic'':4 ''face'':14 ''kwai'':2 ''madman'':8 ''must'':13 ''park'':22 ''shark'':17');
INSERT INTO public.film (film_id, title, description, release_year, language_id, rental_duration, rental_rate, length, replacement_cost, rating, last_update, special_features, fulltext) VALUES (54, 'Banger Pinocchio', 'A Awe-Inspiring Drama of a Car And a Pastry Chef who must Chase a Crocodile in The First Manned Space Station', 2006, 1, 5, 0.99, 113, 15.99, 'R', '2013-05-26 14:50:58.951000', '{Trailers,Commentaries,Deleted Scenes}', '''awe'':5 ''awe-inspir'':4 ''banger'':1 ''car'':10 ''chase'':17 ''chef'':14 ''crocodil'':19 ''drama'':7 ''first'':22 ''inspir'':6 ''man'':23 ''must'':16 ''pastri'':13 ''pinocchio'':2 ''space'':24 ''station'':25');
INSERT INTO public.film (film_id, title, description, release_year, language_id, rental_duration, rental_rate, length, replacement_cost, rating, last_update, special_features, fulltext) VALUES (56, 'Barefoot Manchurian', 'A Intrepid Story of a Cat And a Student who must Vanquish a Girl in An Abandoned Amusement Park', 2006, 1, 6, 2.99, 129, 15.99, 'G', '2013-05-26 14:50:58.951000', '{Trailers,Commentaries}', '''abandon'':19 ''amus'':20 ''barefoot'':1 ''cat'':8 ''girl'':16 ''intrepid'':4 ''manchurian'':2 ''must'':13 ''park'':21 ''stori'':5 ''student'':11 ''vanquish'':14');
INSERT INTO public.film (film_id, title, description, release_year, language_id, rental_duration, rental_rate, length, replacement_cost, rating, last_update, special_features, fulltext) VALUES (60, 'Beast Hunchback', 'A Awe-Inspiring Epistle of a Student And a Squirrel who must Defeat a Boy in Ancient China', 2006, 1, 3, 4.99, 89, 22.99, 'R', '2013-05-26 14:50:58.951000', '{Deleted Scenes,Behind the Scenes}', '''ancient'':20 ''awe'':5 ''awe-inspir'':4 ''beast'':1 ''boy'':18 ''china'':21 ''defeat'':16 ''epistl'':7 ''hunchback'':2 ''inspir'':6 ''must'':15 ''squirrel'':13 ''student'':10');
INSERT INTO public.film (film_id, title, description, release_year, language_id, rental_duration, rental_rate, length, replacement_cost, rating, last_update, special_features, fulltext) VALUES (62, 'Bed Highball', 'A Astounding Panorama of a Lumberjack And a Dog who must Redeem a Woman in An Abandoned Fun House', 2006, 1, 5, 2.99, 106, 23.99, 'NC_17', '2013-05-26 14:50:58.951000', '{Trailers,Commentaries,Deleted Scenes}', '''abandon'':19 ''astound'':4 ''bed'':1 ''dog'':11 ''fun'':20 ''highbal'':2 ''hous'':21 ''lumberjack'':8 ''must'':13 ''panorama'':5 ''redeem'':14 ''woman'':16');
INSERT INTO public.film (film_id, title, description, release_year, language_id, rental_duration, rental_rate, length, replacement_cost, rating, last_update, special_features, fulltext) VALUES (63, 'Bedazzled Married', 'A Astounding Character Study of a Madman And a Robot who must Meet a Mad Scientist in An Abandoned Fun House', 2006, 1, 6, 0.99, 73, 21.99, 'PG', '2013-05-26 14:50:58.951000', '{Trailers,Deleted Scenes,Behind the Scenes}', '''abandon'':21 ''astound'':4 ''bedazzl'':1 ''charact'':5 ''fun'':22 ''hous'':23 ''mad'':17 ''madman'':9 ''marri'':2 ''meet'':15 ''must'':14 ''robot'':12 ''scientist'':18 ''studi'':6');
INSERT INTO public.film (film_id, title, description, release_year, language_id, rental_duration, rental_rate, length, replacement_cost, rating, last_update, special_features, fulltext) VALUES (67, 'Berets Agent', 'A Taut Saga of a Crocodile And a Boy who must Overcome a Technical Writer in Ancient China', 2006, 1, 5, 2.99, 77, 24.99, 'PG_13', '2013-05-26 14:50:58.951000', '{Deleted Scenes}', '''agent'':2 ''ancient'':19 ''beret'':1 ''boy'':11 ''china'':20 ''crocodil'':8 ''must'':13 ''overcom'':14 ''saga'':5 ''taut'':4 ''technic'':16 ''writer'':17');
INSERT INTO public.film (film_id, title, description, release_year, language_id, rental_duration, rental_rate, length, replacement_cost, rating, last_update, special_features, fulltext) VALUES (70, 'Bikini Borrowers', 'A Astounding Drama of a Astronaut And a Cat who must Discover a Woman in The First Manned Space Station', 2006, 1, 7, 4.99, 142, 26.99, 'NC_17', '2013-05-26 14:50:58.951000', '{Commentaries,Deleted Scenes}', '''astound'':4 ''astronaut'':8 ''bikini'':1 ''borrow'':2 ''cat'':11 ''discov'':14 ''drama'':5 ''first'':19 ''man'':20 ''must'':13 ''space'':21 ''station'':22 ''woman'':16');
INSERT INTO public.film (film_id, title, description, release_year, language_id, rental_duration, rental_rate, length, replacement_cost, rating, last_update, special_features, fulltext) VALUES (74, 'Birch Antitrust', 'A Fanciful Panorama of a Husband And a Pioneer who must Outgun a Dog in A Baloon', 2006, 1, 4, 4.99, 162, 18.99, 'PG', '2013-05-26 14:50:58.951000', '{Trailers,Commentaries,Deleted Scenes}', '''antitrust'':2 ''baloon'':19 ''birch'':1 ''dog'':16 ''fanci'':4 ''husband'':8 ''must'':13 ''outgun'':14 ''panorama'':5 ''pioneer'':11');
INSERT INTO public.film (film_id, title, description, release_year, language_id, rental_duration, rental_rate, length, replacement_cost, rating, last_update, special_features, fulltext) VALUES (79, 'Blade Polish', 'A Thoughtful Character Study of a Frisbee And a Pastry Chef who must Fight a Dentist in The First Manned Space Station', 2006, 1, 5, 0.99, 114, 10.99, 'PG_13', '2013-05-26 14:50:58.951000', '{Trailers,Behind the Scenes}', '''blade'':1 ''charact'':5 ''chef'':13 ''dentist'':18 ''fight'':16 ''first'':21 ''frisbe'':9 ''man'':22 ''must'':15 ''pastri'':12 ''polish'':2 ''space'':23 ''station'':24 ''studi'':6 ''thought'':4');
INSERT INTO public.film (film_id, title, description, release_year, language_id, rental_duration, rental_rate, length, replacement_cost, rating, last_update, special_features, fulltext) VALUES (80, 'Blanket Beverly', 'A Emotional Documentary of a Student And a Girl who must Build a Boat in Nigeria', 2006, 1, 7, 2.99, 148, 21.99, 'G', '2013-05-26 14:50:58.951000', '{Trailers}', '''bever'':2 ''blanket'':1 ''boat'':16 ''build'':14 ''documentari'':5 ''emot'':4 ''girl'':11 ''must'':13 ''nigeria'':18 ''student'':8');
INSERT INTO public.film (film_id, title, description, release_year, language_id, rental_duration, rental_rate, length, replacement_cost, rating, last_update, special_features, fulltext) VALUES (84, 'Boiled Dares', 'A Awe-Inspiring Story of a Waitress And a Dog who must Discover a Dentist in Ancient Japan', 2006, 1, 7, 4.99, 102, 13.99, 'PG', '2013-05-26 14:50:58.951000', '{Trailers,Commentaries}', '''ancient'':20 ''awe'':5 ''awe-inspir'':4 ''boil'':1 ''dare'':2 ''dentist'':18 ''discov'':16 ''dog'':13 ''inspir'':6 ''japan'':21 ''must'':15 ''stori'':7 ''waitress'':10');
INSERT INTO public.film (film_id, title, description, release_year, language_id, rental_duration, rental_rate, length, replacement_cost, rating, last_update, special_features, fulltext) VALUES (85, 'Bonnie Holocaust', 'A Fast-Paced Story of a Crocodile And a Robot who must Find a Moose in Ancient Japan', 2006, 1, 4, 0.99, 63, 29.99, 'G', '2013-05-26 14:50:58.951000', '{Deleted Scenes}', '''ancient'':20 ''bonni'':1 ''crocodil'':10 ''fast'':5 ''fast-pac'':4 ''find'':16 ''holocaust'':2 ''japan'':21 ''moos'':18 ''must'':15 ''pace'':6 ''robot'':13 ''stori'':7');
INSERT INTO public.film (film_id, title, description, release_year, language_id, rental_duration, rental_rate, length, replacement_cost, rating, last_update, special_features, fulltext) VALUES (87, 'Boondock Ballroom', 'A Fateful Panorama of a Crocodile And a Boy who must Defeat a Monkey in The Gulf of Mexico', 2006, 1, 7, 0.99, 76, 14.99, 'NC_17', '2013-05-26 14:50:58.951000', '{Behind the Scenes}', '''ballroom'':2 ''boondock'':1 ''boy'':11 ''crocodil'':8 ''defeat'':14 ''fate'':4 ''gulf'':19 ''mexico'':21 ''monkey'':16 ''must'':13 ''panorama'':5');
INSERT INTO public.film (film_id, title, description, release_year, language_id, rental_duration, rental_rate, length, replacement_cost, rating, last_update, special_features, fulltext) VALUES (89, 'Borrowers Bedazzled', 'A Brilliant Epistle of a Teacher And a Sumo Wrestler who must Defeat a Man in An Abandoned Fun House', 2006, 1, 7, 0.99, 63, 22.99, 'G', '2013-05-26 14:50:58.951000', '{Commentaries,Deleted Scenes,Behind the Scenes}', '''abandon'':20 ''bedazzl'':2 ''borrow'':1 ''brilliant'':4 ''defeat'':15 ''epistl'':5 ''fun'':21 ''hous'':22 ''man'':17 ''must'':14 ''sumo'':11 ''teacher'':8 ''wrestler'':12');
INSERT INTO public.film (film_id, title, description, release_year, language_id, rental_duration, rental_rate, length, replacement_cost, rating, last_update, special_features, fulltext) VALUES (91, 'Bound Cheaper', 'A Thrilling Panorama of a Database Administrator And a Astronaut who must Challenge a Lumberjack in A Baloon', 2006, 1, 5, 0.99, 98, 17.99, 'PG', '2013-05-26 14:50:58.951000', '{Behind the Scenes}', '''administr'':9 ''astronaut'':12 ''baloon'':20 ''bound'':1 ''challeng'':15 ''cheaper'':2 ''databas'':8 ''lumberjack'':17 ''must'':14 ''panorama'':5 ''thrill'':4');
INSERT INTO public.film (film_id, title, description, release_year, language_id, rental_duration, rental_rate, length, replacement_cost, rating, last_update, special_features, fulltext) VALUES (92, 'Bowfinger Gables', 'A Fast-Paced Yarn of a Waitress And a Composer who must Outgun a Dentist in California', 2006, 1, 7, 4.99, 72, 19.99, 'NC_17', '2013-05-26 14:50:58.951000', '{Trailers,Deleted Scenes}', '''bowfing'':1 ''california'':20 ''compos'':13 ''dentist'':18 ''fast'':5 ''fast-pac'':4 ''gabl'':2 ''must'':15 ''outgun'':16 ''pace'':6 ''waitress'':10 ''yarn'':7');
INSERT INTO public.film (film_id, title, description, release_year, language_id, rental_duration, rental_rate, length, replacement_cost, rating, last_update, special_features, fulltext) VALUES (96, 'Breaking Home', 'A Beautiful Display of a Secret Agent And a Monkey who must Battle a Sumo Wrestler in An Abandoned Mine Shaft', 2006, 1, 4, 2.99, 169, 21.99, 'PG_13', '2013-05-26 14:50:58.951000', '{Trailers,Commentaries}', '''abandon'':21 ''agent'':9 ''battl'':15 ''beauti'':4 ''break'':1 ''display'':5 ''home'':2 ''mine'':22 ''monkey'':12 ''must'':14 ''secret'':8 ''shaft'':23 ''sumo'':17 ''wrestler'':18');
INSERT INTO public.film (film_id, title, description, release_year, language_id, rental_duration, rental_rate, length, replacement_cost, rating, last_update, special_features, fulltext) VALUES (101, 'Brotherhood Blanket', 'A Fateful Character Study of a Butler And a Technical Writer who must Sink a Astronaut in Ancient Japan', 2006, 1, 3, 0.99, 73, 26.99, 'R', '2013-05-26 14:50:58.951000', '{Behind the Scenes}', '''ancient'':20 ''astronaut'':18 ''blanket'':2 ''brotherhood'':1 ''butler'':9 ''charact'':5 ''fate'':4 ''japan'':21 ''must'':15 ''sink'':16 ''studi'':6 ''technic'':12 ''writer'':13');
INSERT INTO public.film (film_id, title, description, release_year, language_id, rental_duration, rental_rate, length, replacement_cost, rating, last_update, special_features, fulltext) VALUES (105, 'Bull Shawshank', 'A Fanciful Drama of a Moose And a Squirrel who must Conquer a Pioneer in The Canadian Rockies', 2006, 1, 6, 0.99, 125, 21.99, 'NC_17', '2013-05-26 14:50:58.951000', '{Deleted Scenes}', '''bull'':1 ''canadian'':19 ''conquer'':14 ''drama'':5 ''fanci'':4 ''moos'':8 ''must'':13 ''pioneer'':16 ''rocki'':20 ''shawshank'':2 ''squirrel'':11');
INSERT INTO public.film (film_id, title, description, release_year, language_id, rental_duration, rental_rate, length, replacement_cost, rating, last_update, special_features, fulltext) VALUES (106, 'Bulworth Commandments', 'A Amazing Display of a Mad Cow And a Pioneer who must Redeem a Sumo Wrestler in The Outback', 2006, 1, 4, 2.99, 61, 14.99, 'G', '2013-05-26 14:50:58.951000', '{Trailers}', '''amaz'':4 ''bulworth'':1 ''command'':2 ''cow'':9 ''display'':5 ''mad'':8 ''must'':14 ''outback'':21 ''pioneer'':12 ''redeem'':15 ''sumo'':17 ''wrestler'':18');
INSERT INTO public.film (film_id, title, description, release_year, language_id, rental_duration, rental_rate, length, replacement_cost, rating, last_update, special_features, fulltext) VALUES (107, 'Bunch Minds', 'A Emotional Story of a Feminist And a Feminist who must Escape a Pastry Chef in A MySQL Convention', 2006, 1, 4, 2.99, 63, 13.99, 'G', '2013-05-26 14:50:58.951000', '{Behind the Scenes}', '''bunch'':1 ''chef'':17 ''convent'':21 ''emot'':4 ''escap'':14 ''feminist'':8,11 ''mind'':2 ''must'':13 ''mysql'':20 ''pastri'':16 ''stori'':5');
INSERT INTO public.film (film_id, title, description, release_year, language_id, rental_duration, rental_rate, length, replacement_cost, rating, last_update, special_features, fulltext) VALUES (108, 'Butch Panther', 'A Lacklusture Yarn of a Feminist And a Database Administrator who must Face a Hunter in New Orleans', 2006, 1, 6, 0.99, 67, 19.99, 'PG_13', '2013-05-26 14:50:58.951000', '{Trailers,Commentaries,Deleted Scenes}', '''administr'':12 ''butch'':1 ''databas'':11 ''face'':15 ''feminist'':8 ''hunter'':17 ''lacklustur'':4 ''must'':14 ''new'':19 ''orlean'':20 ''panther'':2 ''yarn'':5');
INSERT INTO public.film (film_id, title, description, release_year, language_id, rental_duration, rental_rate, length, replacement_cost, rating, last_update, special_features, fulltext) VALUES (110, 'Cabin Flash', 'A Stunning Epistle of a Boat And a Man who must Challenge a A Shark in A Baloon Factory', 2006, 1, 4, 0.99, 53, 25.99, 'NC_17', '2013-05-26 14:50:58.951000', '{Commentaries,Deleted Scenes}', '''baloon'':20 ''boat'':8 ''cabin'':1 ''challeng'':14 ''epistl'':5 ''factori'':21 ''flash'':2 ''man'':11 ''must'':13 ''shark'':17 ''stun'':4');
INSERT INTO public.film (film_id, title, description, release_year, language_id, rental_duration, rental_rate, length, replacement_cost, rating, last_update, special_features, fulltext) VALUES (111, 'Caddyshack Jedi', 'A Awe-Inspiring Epistle of a Woman And a Madman who must Fight a Robot in Soviet Georgia', 2006, 1, 3, 0.99, 52, 17.99, 'NC_17', '2013-05-26 14:50:58.951000', '{Commentaries,Deleted Scenes}', '''awe'':5 ''awe-inspir'':4 ''caddyshack'':1 ''epistl'':7 ''fight'':16 ''georgia'':21 ''inspir'':6 ''jedi'':2 ''madman'':13 ''must'':15 ''robot'':18 ''soviet'':20 ''woman'':10');
INSERT INTO public.film (film_id, title, description, release_year, language_id, rental_duration, rental_rate, length, replacement_cost, rating, last_update, special_features, fulltext) VALUES (112, 'Calendar Gunfight', 'A Thrilling Drama of a Frisbee And a Lumberjack who must Sink a Man in Nigeria', 2006, 1, 4, 4.99, 120, 22.99, 'NC_17', '2013-05-26 14:50:58.951000', '{Trailers,Commentaries,Behind the Scenes}', '''calendar'':1 ''drama'':5 ''frisbe'':8 ''gunfight'':2 ''lumberjack'':11 ''man'':16 ''must'':13 ''nigeria'':18 ''sink'':14 ''thrill'':4');
INSERT INTO public.film (film_id, title, description, release_year, language_id, rental_duration, rental_rate, length, replacement_cost, rating, last_update, special_features, fulltext) VALUES (115, 'Campus Remember', 'A Astounding Drama of a Crocodile And a Mad Cow who must Build a Robot in A Jet Boat', 2006, 1, 5, 2.99, 167, 27.99, 'R', '2013-05-26 14:50:58.951000', '{Behind the Scenes}', '''astound'':4 ''boat'':21 ''build'':15 ''campus'':1 ''cow'':12 ''crocodil'':8 ''drama'':5 ''jet'':20 ''mad'':11 ''must'':14 ''rememb'':2 ''robot'':17');
INSERT INTO public.film (film_id, title, description, release_year, language_id, rental_duration, rental_rate, length, replacement_cost, rating, last_update, special_features, fulltext) VALUES (118, 'Canyon Stock', 'A Thoughtful Reflection of a Waitress And a Feminist who must Escape a Squirrel in A Manhattan Penthouse', 2006, 1, 7, 0.99, 85, 26.99, 'R', '2013-05-26 14:50:58.951000', '{Trailers,Deleted Scenes}', '''canyon'':1 ''escap'':14 ''feminist'':11 ''manhattan'':19 ''must'':13 ''penthous'':20 ''reflect'':5 ''squirrel'':16 ''stock'':2 ''thought'':4 ''waitress'':8');
INSERT INTO public.film (film_id, title, description, release_year, language_id, rental_duration, rental_rate, length, replacement_cost, rating, last_update, special_features, fulltext) VALUES (119, 'Caper Motions', 'A Fateful Saga of a Moose And a Car who must Pursue a Woman in A MySQL Convention', 2006, 1, 6, 0.99, 176, 22.99, 'G', '2013-05-26 14:50:58.951000', '{Trailers,Commentaries,Deleted Scenes}', '''caper'':1 ''car'':11 ''convent'':20 ''fate'':4 ''moos'':8 ''motion'':2 ''must'':13 ''mysql'':19 ''pursu'':14 ''saga'':5 ''woman'':16');
INSERT INTO public.film (film_id, title, description, release_year, language_id, rental_duration, rental_rate, length, replacement_cost, rating, last_update, special_features, fulltext) VALUES (121, 'Carol Texas', 'A Astounding Character Study of a Composer And a Student who must Overcome a Composer in A Monastery', 2006, 1, 4, 2.99, 151, 15.99, 'PG', '2013-05-26 14:50:58.951000', '{Trailers,Behind the Scenes}', '''astound'':4 ''carol'':1 ''charact'':5 ''compos'':9,17 ''monasteri'':20 ''must'':14 ''overcom'':15 ''student'':12 ''studi'':6 ''texa'':2');
INSERT INTO public.film (film_id, title, description, release_year, language_id, rental_duration, rental_rate, length, replacement_cost, rating, last_update, special_features, fulltext) VALUES (124, 'Casper Dragonfly', 'A Intrepid Documentary of a Boat And a Crocodile who must Chase a Robot in The Sahara Desert', 2006, 1, 3, 4.99, 163, 16.99, 'PG_13', '2013-05-26 14:50:58.951000', '{Trailers}', '''boat'':8 ''casper'':1 ''chase'':14 ''crocodil'':11 ''desert'':20 ''documentari'':5 ''dragonfli'':2 ''intrepid'':4 ''must'':13 ''robot'':16 ''sahara'':19');
INSERT INTO public.film (film_id, title, description, release_year, language_id, rental_duration, rental_rate, length, replacement_cost, rating, last_update, special_features, fulltext) VALUES (125, 'Cassidy Wyoming', 'A Intrepid Drama of a Frisbee And a Hunter who must Kill a Secret Agent in New Orleans', 2006, 1, 5, 2.99, 61, 19.99, 'NC_17', '2013-05-26 14:50:58.951000', '{Commentaries,Behind the Scenes}', '''agent'':17 ''cassidi'':1 ''drama'':5 ''frisbe'':8 ''hunter'':11 ''intrepid'':4 ''kill'':14 ''must'':13 ''new'':19 ''orlean'':20 ''secret'':16 ''wyom'':2');
INSERT INTO public.film (film_id, title, description, release_year, language_id, rental_duration, rental_rate, length, replacement_cost, rating, last_update, special_features, fulltext) VALUES (127, 'Cat Coneheads', 'A Fast-Paced Panorama of a Girl And a A Shark who must Confront a Boy in Ancient India', 2006, 1, 5, 4.99, 112, 14.99, 'G', '2013-05-26 14:50:58.951000', '{Commentaries,Deleted Scenes}', '''ancient'':21 ''boy'':19 ''cat'':1 ''conehead'':2 ''confront'':17 ''fast'':5 ''fast-pac'':4 ''girl'':10 ''india'':22 ''must'':16 ''pace'':6 ''panorama'':7 ''shark'':14');
INSERT INTO public.film (film_id, title, description, release_year, language_id, rental_duration, rental_rate, length, replacement_cost, rating, last_update, special_features, fulltext) VALUES (132, 'Chainsaw Uptown', 'A Beautiful Documentary of a Boy And a Robot who must Discover a Squirrel in Australia', 2006, 1, 6, 0.99, 114, 25.99, 'PG', '2013-05-26 14:50:58.951000', '{Deleted Scenes,Behind the Scenes}', '''australia'':18 ''beauti'':4 ''boy'':8 ''chainsaw'':1 ''discov'':14 ''documentari'':5 ''must'':13 ''robot'':11 ''squirrel'':16 ''uptown'':2');
INSERT INTO public.film (film_id, title, description, release_year, language_id, rental_duration, rental_rate, length, replacement_cost, rating, last_update, special_features, fulltext) VALUES (140, 'Cheaper Clyde', 'A Emotional Character Study of a Pioneer And a Girl who must Discover a Dog in Ancient Japan', 2006, 1, 6, 0.99, 87, 23.99, 'G', '2013-05-26 14:50:58.951000', '{Trailers,Commentaries,Behind the Scenes}', '''ancient'':19 ''charact'':5 ''cheaper'':1 ''clyde'':2 ''discov'':15 ''dog'':17 ''emot'':4 ''girl'':12 ''japan'':20 ''must'':14 ''pioneer'':9 ''studi'':6');
INSERT INTO public.film (film_id, title, description, release_year, language_id, rental_duration, rental_rate, length, replacement_cost, rating, last_update, special_features, fulltext) VALUES (144, 'Chinatown Gladiator', 'A Brilliant Panorama of a Technical Writer And a Lumberjack who must Escape a Butler in Ancient India', 2006, 1, 7, 4.99, 61, 24.99, 'PG', '2013-05-26 14:50:58.951000', '{Trailers,Commentaries,Deleted Scenes}', '''ancient'':19 ''brilliant'':4 ''butler'':17 ''chinatown'':1 ''escap'':15 ''gladiat'':2 ''india'':20 ''lumberjack'':12 ''must'':14 ''panorama'':5 ''technic'':8 ''writer'':9');
INSERT INTO public.film (film_id, title, description, release_year, language_id, rental_duration, rental_rate, length, replacement_cost, rating, last_update, special_features, fulltext) VALUES (145, 'Chisum Behavior', 'A Epic Documentary of a Sumo Wrestler And a Butler who must Kill a Car in Ancient India', 2006, 1, 5, 4.99, 124, 25.99, 'G', '2013-05-26 14:50:58.951000', '{Trailers,Commentaries,Behind the Scenes}', '''ancient'':19 ''behavior'':2 ''butler'':12 ''car'':17 ''chisum'':1 ''documentari'':5 ''epic'':4 ''india'':20 ''kill'':15 ''must'':14 ''sumo'':8 ''wrestler'':9');
INSERT INTO public.film (film_id, title, description, release_year, language_id, rental_duration, rental_rate, length, replacement_cost, rating, last_update, special_features, fulltext) VALUES (146, 'Chitty Lock', 'A Boring Epistle of a Boat And a Database Administrator who must Kill a Sumo Wrestler in The First Manned Space Station', 2006, 1, 6, 2.99, 107, 24.99, 'G', '2013-05-26 14:50:58.951000', '{Commentaries}', '''administr'':12 ''boat'':8 ''bore'':4 ''chitti'':1 ''databas'':11 ''epistl'':5 ''first'':21 ''kill'':15 ''lock'':2 ''man'':22 ''must'':14 ''space'':23 ''station'':24 ''sumo'':17 ''wrestler'':18');
INSERT INTO public.film (film_id, title, description, release_year, language_id, rental_duration, rental_rate, length, replacement_cost, rating, last_update, special_features, fulltext) VALUES (147, 'Chocolat Harry', 'A Action-Packed Epistle of a Dentist And a Moose who must Meet a Mad Cow in Ancient Japan', 2006, 1, 5, 0.99, 101, 16.99, 'NC_17', '2013-05-26 14:50:58.951000', '{Commentaries,Behind the Scenes}', '''action'':5 ''action-pack'':4 ''ancient'':21 ''chocolat'':1 ''cow'':19 ''dentist'':10 ''epistl'':7 ''harri'':2 ''japan'':22 ''mad'':18 ''meet'':16 ''moos'':13 ''must'':15 ''pack'':6');
INSERT INTO public.film (film_id, title, description, release_year, language_id, rental_duration, rental_rate, length, replacement_cost, rating, last_update, special_features, fulltext) VALUES (148, 'Chocolate Duck', 'A Unbelieveable Story of a Mad Scientist And a Technical Writer who must Discover a Composer in Ancient China', 2006, 1, 3, 2.99, 132, 13.99, 'R', '2013-05-26 14:50:58.951000', '{Trailers,Commentaries,Behind the Scenes}', '''ancient'':20 ''china'':21 ''chocol'':1 ''compos'':18 ''discov'':16 ''duck'':2 ''mad'':8 ''must'':15 ''scientist'':9 ''stori'':5 ''technic'':12 ''unbeliev'':4 ''writer'':13');
INSERT INTO public.film (film_id, title, description, release_year, language_id, rental_duration, rental_rate, length, replacement_cost, rating, last_update, special_features, fulltext) VALUES (152, 'Circus Youth', 'A Thoughtful Drama of a Pastry Chef And a Dentist who must Pursue a Girl in A Baloon', 2006, 1, 5, 2.99, 90, 13.99, 'PG_13', '2013-05-26 14:50:58.951000', '{Trailers,Deleted Scenes,Behind the Scenes}', '''baloon'':20 ''chef'':9 ''circus'':1 ''dentist'':12 ''drama'':5 ''girl'':17 ''must'':14 ''pastri'':8 ''pursu'':15 ''thought'':4 ''youth'':2');
INSERT INTO public.film (film_id, title, description, release_year, language_id, rental_duration, rental_rate, length, replacement_cost, rating, last_update, special_features, fulltext) VALUES (154, 'Clash Freddy', 'A Amazing Yarn of a Composer And a Squirrel who must Escape a Astronaut in Australia', 2006, 1, 6, 2.99, 81, 12.99, 'G', '2013-05-26 14:50:58.951000', '{Commentaries,Deleted Scenes}', '''amaz'':4 ''astronaut'':16 ''australia'':18 ''clash'':1 ''compos'':8 ''escap'':14 ''freddi'':2 ''must'':13 ''squirrel'':11 ''yarn'':5');
INSERT INTO public.film (film_id, title, description, release_year, language_id, rental_duration, rental_rate, length, replacement_cost, rating, last_update, special_features, fulltext) VALUES (155, 'Cleopatra Devil', 'A Fanciful Documentary of a Crocodile And a Technical Writer who must Fight a A Shark in A Baloon', 2006, 1, 6, 0.99, 150, 26.99, 'PG_13', '2013-05-26 14:50:58.951000', '{Trailers,Deleted Scenes,Behind the Scenes}', '''baloon'':21 ''cleopatra'':1 ''crocodil'':8 ''devil'':2 ''documentari'':5 ''fanci'':4 ''fight'':15 ''must'':14 ''shark'':18 ''technic'':11 ''writer'':12');
INSERT INTO public.film (film_id, title, description, release_year, language_id, rental_duration, rental_rate, length, replacement_cost, rating, last_update, special_features, fulltext) VALUES (158, 'Clones Pinocchio', 'A Amazing Drama of a Car And a Robot who must Pursue a Dentist in New Orleans', 2006, 1, 6, 2.99, 124, 16.99, 'R', '2013-05-26 14:50:58.951000', '{Behind the Scenes}', '''amaz'':4 ''car'':8 ''clone'':1 ''dentist'':16 ''drama'':5 ''must'':13 ''new'':18 ''orlean'':19 ''pinocchio'':2 ''pursu'':14 ''robot'':11');
INSERT INTO public.film (film_id, title, description, release_year, language_id, rental_duration, rental_rate, length, replacement_cost, rating, last_update, special_features, fulltext) VALUES (162, 'Clueless Bucket', 'A Taut Tale of a Car And a Pioneer who must Conquer a Sumo Wrestler in An Abandoned Fun House', 2006, 1, 4, 2.99, 95, 13.99, 'R', '2013-05-26 14:50:58.951000', '{Trailers,Deleted Scenes,Behind the Scenes}', '''abandon'':20 ''bucket'':2 ''car'':8 ''clueless'':1 ''conquer'':14 ''fun'':21 ''hous'':22 ''must'':13 ''pioneer'':11 ''sumo'':16 ''tale'':5 ''taut'':4 ''wrestler'':17');
INSERT INTO public.film (film_id, title, description, release_year, language_id, rental_duration, rental_rate, length, replacement_cost, rating, last_update, special_features, fulltext) VALUES (164, 'Coast Rainbow', 'A Astounding Documentary of a Mad Cow And a Pioneer who must Challenge a Butler in The Sahara Desert', 2006, 1, 4, 0.99, 55, 20.99, 'PG', '2013-05-26 14:50:58.951000', '{Trailers,Commentaries,Deleted Scenes,Behind the Scenes}', '''astound'':4 ''butler'':17 ''challeng'':15 ''coast'':1 ''cow'':9 ''desert'':21 ''documentari'':5 ''mad'':8 ''must'':14 ''pioneer'':12 ''rainbow'':2 ''sahara'':20');
INSERT INTO public.film (film_id, title, description, release_year, language_id, rental_duration, rental_rate, length, replacement_cost, rating, last_update, special_features, fulltext) VALUES (165, 'Coldblooded Darling', 'A Brilliant Panorama of a Dentist And a Moose who must Find a Student in The Gulf of Mexico', 2006, 1, 7, 4.99, 70, 27.99, 'G', '2013-05-26 14:50:58.951000', '{Trailers,Deleted Scenes}', '''brilliant'':4 ''coldblood'':1 ''darl'':2 ''dentist'':8 ''find'':14 ''gulf'':19 ''mexico'':21 ''moos'':11 ''must'':13 ''panorama'':5 ''student'':16');
INSERT INTO public.film (film_id, title, description, release_year, language_id, rental_duration, rental_rate, length, replacement_cost, rating, last_update, special_features, fulltext) VALUES (166, 'Color Philadelphia', 'A Thoughtful Panorama of a Car And a Crocodile who must Sink a Monkey in The Sahara Desert', 2006, 1, 6, 2.99, 149, 19.99, 'G', '2013-05-26 14:50:58.951000', '{Commentaries,Behind the Scenes}', '''car'':8 ''color'':1 ''crocodil'':11 ''desert'':20 ''monkey'':16 ''must'':13 ''panorama'':5 ''philadelphia'':2 ''sahara'':19 ''sink'':14 ''thought'':4');
INSERT INTO public.film (film_id, title, description, release_year, language_id, rental_duration, rental_rate, length, replacement_cost, rating, last_update, special_features, fulltext) VALUES (170, 'Command Darling', 'A Awe-Inspiring Tale of a Forensic Psychologist And a Woman who must Challenge a Database Administrator in Ancient Japan', 2006, 1, 5, 4.99, 120, 28.99, 'PG_13', '2013-05-26 14:50:58.951000', '{Behind the Scenes}', '''administr'':20 ''ancient'':22 ''awe'':5 ''awe-inspir'':4 ''challeng'':17 ''command'':1 ''darl'':2 ''databas'':19 ''forens'':10 ''inspir'':6 ''japan'':23 ''must'':16 ''psychologist'':11 ''tale'':7 ''woman'':14');
INSERT INTO public.film (film_id, title, description, release_year, language_id, rental_duration, rental_rate, length, replacement_cost, rating, last_update, special_features, fulltext) VALUES (171, 'Commandments Express', 'A Fanciful Saga of a Student And a Mad Scientist who must Battle a Hunter in An Abandoned Mine Shaft', 2006, 1, 6, 4.99, 59, 13.99, 'R', '2013-05-26 14:50:58.951000', '{Trailers,Commentaries,Deleted Scenes}', '''abandon'':20 ''battl'':15 ''command'':1 ''express'':2 ''fanci'':4 ''hunter'':17 ''mad'':11 ''mine'':21 ''must'':14 ''saga'':5 ''scientist'':12 ''shaft'':22 ''student'':8');
INSERT INTO public.film (film_id, title, description, release_year, language_id, rental_duration, rental_rate, length, replacement_cost, rating, last_update, special_features, fulltext) VALUES (172, 'Coneheads Smoochy', 'A Touching Story of a Womanizer And a Composer who must Pursue a Husband in Nigeria', 2006, 1, 7, 4.99, 112, 12.99, 'NC_17', '2013-05-26 14:50:58.951000', '{Deleted Scenes,Behind the Scenes}', '''compos'':11 ''conehead'':1 ''husband'':16 ''must'':13 ''nigeria'':18 ''pursu'':14 ''smoochi'':2 ''stori'':5 ''touch'':4 ''woman'':8');
INSERT INTO public.film (film_id, title, description, release_year, language_id, rental_duration, rental_rate, length, replacement_cost, rating, last_update, special_features, fulltext) VALUES (173, 'Confessions Maguire', 'A Insightful Story of a Car And a Boy who must Battle a Technical Writer in A Baloon', 2006, 1, 7, 4.99, 65, 25.99, 'PG_13', '2013-05-26 14:50:58.951000', '{Behind the Scenes}', '''baloon'':20 ''battl'':14 ''boy'':11 ''car'':8 ''confess'':1 ''insight'':4 ''maguir'':2 ''must'':13 ''stori'':5 ''technic'':16 ''writer'':17');
INSERT INTO public.film (film_id, title, description, release_year, language_id, rental_duration, rental_rate, length, replacement_cost, rating, last_update, special_features, fulltext) VALUES (177, 'Connecticut Tramp', 'A Unbelieveable Drama of a Crocodile And a Mad Cow who must Reach a Dentist in A Shark Tank', 2006, 1, 4, 4.99, 172, 20.99, 'R', '2013-05-26 14:50:58.951000', '{Commentaries,Deleted Scenes}', '''connecticut'':1 ''cow'':12 ''crocodil'':8 ''dentist'':17 ''drama'':5 ''mad'':11 ''must'':14 ''reach'':15 ''shark'':20 ''tank'':21 ''tramp'':2 ''unbeliev'':4');

INSERT INTO public.film_actor (actor_id, film_id, last_update) VALUES (1, 1, '2006-02-15 10:05:03.000000');
INSERT INTO public.film_actor (actor_id, film_id, last_update) VALUES (20, 1, '2006-02-15 10:05:03.000000');
INSERT INTO public.film_actor (actor_id, film_id, last_update) VALUES (10, 1, '2006-02-15 10:05:03.000000');
INSERT INTO public.film_actor (actor_id, film_id, last_update) VALUES (19, 2, '2006-02-15 10:05:03.000000');
INSERT INTO public.film_actor (actor_id, film_id, last_update) VALUES (2, 3, '2006-02-15 10:05:03.000000');
INSERT INTO public.film_actor (actor_id, film_id, last_update) VALUES (19, 3, '2006-02-15 10:05:03.000000');
INSERT INTO public.film_actor (actor_id, film_id, last_update) VALUES (10, 9, '2006-02-15 10:05:03.000000');
INSERT INTO public.film_actor (actor_id, film_id, last_update) VALUES (12, 16, '2006-02-15 10:05:03.000000');
INSERT INTO public.film_actor (actor_id, film_id, last_update) VALUES (12, 17, '2006-02-15 10:05:03.000000');
INSERT INTO public.film_actor (actor_id, film_id, last_update) VALUES (13, 17, '2006-02-15 10:05:03.000000');
INSERT INTO public.film_actor (actor_id, film_id, last_update) VALUES (3, 17, '2006-02-15 10:05:03.000000');
INSERT INTO public.film_actor (actor_id, film_id, last_update) VALUES (5, 19, '2006-02-15 10:05:03.000000');
INSERT INTO public.film_actor (actor_id, film_id, last_update) VALUES (1, 23, '2006-02-15 10:05:03.000000');
INSERT INTO public.film_actor (actor_id, film_id, last_update) VALUES (4, 23, '2006-02-15 10:05:03.000000');
INSERT INTO public.film_actor (actor_id, film_id, last_update) VALUES (1, 25, '2006-02-15 10:05:03.000000');
INSERT INTO public.film_actor (actor_id, film_id, last_update) VALUES (4, 25, '2006-02-15 10:05:03.000000');
INSERT INTO public.film_actor (actor_id, film_id, last_update) VALUES (7, 25, '2006-02-15 10:05:03.000000');
INSERT INTO public.film_actor (actor_id, film_id, last_update) VALUES (7, 27, '2006-02-15 10:05:03.000000');
INSERT INTO public.film_actor (actor_id, film_id, last_update) VALUES (6, 29, '2006-02-15 10:05:03.000000');
INSERT INTO public.film_actor (actor_id, film_id, last_update) VALUES (13, 29, '2006-02-15 10:05:03.000000');
INSERT INTO public.film_actor (actor_id, film_id, last_update) VALUES (9, 30, '2006-02-15 10:05:03.000000');
INSERT INTO public.film_actor (actor_id, film_id, last_update) VALUES (15, 31, '2006-02-15 10:05:03.000000');
INSERT INTO public.film_actor (actor_id, film_id, last_update) VALUES (2, 31, '2006-02-15 10:05:03.000000');
INSERT INTO public.film_actor (actor_id, film_id, last_update) VALUES (12, 34, '2006-02-15 10:05:03.000000');
INSERT INTO public.film_actor (actor_id, film_id, last_update) VALUES (7, 35, '2006-02-15 10:05:03.000000');
INSERT INTO public.film_actor (actor_id, film_id, last_update) VALUES (12, 37, '2006-02-15 10:05:03.000000');
INSERT INTO public.film_actor (actor_id, film_id, last_update) VALUES (3, 40, '2006-02-15 10:05:03.000000');
INSERT INTO public.film_actor (actor_id, film_id, last_update) VALUES (3, 42, '2006-02-15 10:05:03.000000');
INSERT INTO public.film_actor (actor_id, film_id, last_update) VALUES (18, 44, '2006-02-15 10:05:03.000000');
INSERT INTO public.film_actor (actor_id, film_id, last_update) VALUES (13, 45, '2006-02-15 10:05:03.000000');
INSERT INTO public.film_actor (actor_id, film_id, last_update) VALUES (2, 47, '2006-02-15 10:05:03.000000');
INSERT INTO public.film_actor (actor_id, film_id, last_update) VALUES (8, 47, '2006-02-15 10:05:03.000000');
INSERT INTO public.film_actor (actor_id, film_id, last_update) VALUES (6, 53, '2006-02-15 10:05:03.000000');
INSERT INTO public.film_actor (actor_id, film_id, last_update) VALUES (20, 54, '2006-02-15 10:05:03.000000');
INSERT INTO public.film_actor (actor_id, film_id, last_update) VALUES (5, 54, '2006-02-15 10:05:03.000000');
INSERT INTO public.film_actor (actor_id, film_id, last_update) VALUES (4, 56, '2006-02-15 10:05:03.000000');
INSERT INTO public.film_actor (actor_id, film_id, last_update) VALUES (6, 60, '2006-02-15 10:05:03.000000');
INSERT INTO public.film_actor (actor_id, film_id, last_update) VALUES (4, 62, '2006-02-15 10:05:03.000000');
INSERT INTO public.film_actor (actor_id, film_id, last_update) VALUES (20, 63, '2006-02-15 10:05:03.000000');
INSERT INTO public.film_actor (actor_id, film_id, last_update) VALUES (7, 67, '2006-02-15 10:05:03.000000');
INSERT INTO public.film_actor (actor_id, film_id, last_update) VALUES (6, 70, '2006-02-15 10:05:03.000000');
INSERT INTO public.film_actor (actor_id, film_id, last_update) VALUES (9, 74, '2006-02-15 10:05:03.000000');
INSERT INTO public.film_actor (actor_id, film_id, last_update) VALUES (4, 79, '2006-02-15 10:05:03.000000');
INSERT INTO public.film_actor (actor_id, film_id, last_update) VALUES (16, 80, '2006-02-15 10:05:03.000000');
INSERT INTO public.film_actor (actor_id, film_id, last_update) VALUES (18, 84, '2006-02-15 10:05:03.000000');
INSERT INTO public.film_actor (actor_id, film_id, last_update) VALUES (5, 85, '2006-02-15 10:05:03.000000');
INSERT INTO public.film_actor (actor_id, film_id, last_update) VALUES (3, 87, '2006-02-15 10:05:03.000000');
INSERT INTO public.film_actor (actor_id, film_id, last_update) VALUES (13, 87, '2006-02-15 10:05:03.000000');
INSERT INTO public.film_actor (actor_id, film_id, last_update) VALUES (16, 87, '2006-02-15 10:05:03.000000');
INSERT INTO public.film_actor (actor_id, film_id, last_update) VALUES (4, 87, '2006-02-15 10:05:03.000000');
INSERT INTO public.film_actor (actor_id, film_id, last_update) VALUES (15, 89, '2006-02-15 10:05:03.000000');
INSERT INTO public.film_actor (actor_id, film_id, last_update) VALUES (15, 91, '2006-02-15 10:05:03.000000');
INSERT INTO public.film_actor (actor_id, film_id, last_update) VALUES (12, 91, '2006-02-15 10:05:03.000000');
INSERT INTO public.film_actor (actor_id, film_id, last_update) VALUES (12, 92, '2006-02-15 10:05:03.000000');
INSERT INTO public.film_actor (actor_id, film_id, last_update) VALUES (17, 96, '2006-02-15 10:05:03.000000');
INSERT INTO public.film_actor (actor_id, film_id, last_update) VALUES (7, 96, '2006-02-15 10:05:03.000000');
INSERT INTO public.film_actor (actor_id, film_id, last_update) VALUES (16, 101, '2006-02-15 10:05:03.000000');
INSERT INTO public.film_actor (actor_id, film_id, last_update) VALUES (2, 105, '2006-02-15 10:05:03.000000');
INSERT INTO public.film_actor (actor_id, film_id, last_update) VALUES (1, 106, '2006-02-15 10:05:03.000000');
INSERT INTO public.film_actor (actor_id, film_id, last_update) VALUES (12, 107, '2006-02-15 10:05:03.000000');
INSERT INTO public.film_actor (actor_id, film_id, last_update) VALUES (15, 108, '2006-02-15 10:05:03.000000');
INSERT INTO public.film_actor (actor_id, film_id, last_update) VALUES (13, 110, '2006-02-15 10:05:03.000000');
INSERT INTO public.film_actor (actor_id, film_id, last_update) VALUES (3, 111, '2006-02-15 10:05:03.000000');
INSERT INTO public.film_actor (actor_id, film_id, last_update) VALUES (6, 112, '2006-02-15 10:05:03.000000');
INSERT INTO public.film_actor (actor_id, film_id, last_update) VALUES (8, 115, '2006-02-15 10:05:03.000000');
INSERT INTO public.film_actor (actor_id, film_id, last_update) VALUES (11, 118, '2006-02-15 10:05:03.000000');
INSERT INTO public.film_actor (actor_id, film_id, last_update) VALUES (17, 119, '2006-02-15 10:05:03.000000');
INSERT INTO public.film_actor (actor_id, film_id, last_update) VALUES (16, 121, '2006-02-15 10:05:03.000000');
INSERT INTO public.film_actor (actor_id, film_id, last_update) VALUES (17, 124, '2006-02-15 10:05:03.000000');
INSERT INTO public.film_actor (actor_id, film_id, last_update) VALUES (15, 125, '2006-02-15 10:05:03.000000');
INSERT INTO public.film_actor (actor_id, film_id, last_update) VALUES (17, 127, '2006-02-15 10:05:03.000000');
INSERT INTO public.film_actor (actor_id, film_id, last_update) VALUES (2, 132, '2006-02-15 10:05:03.000000');
INSERT INTO public.film_actor (actor_id, film_id, last_update) VALUES (20, 140, '2006-02-15 10:05:03.000000');
INSERT INTO public.film_actor (actor_id, film_id, last_update) VALUES (1, 140, '2006-02-15 10:05:03.000000');
INSERT INTO public.film_actor (actor_id, film_id, last_update) VALUES (13, 144, '2006-02-15 10:05:03.000000');
INSERT INTO public.film_actor (actor_id, film_id, last_update) VALUES (18, 144, '2006-02-15 10:05:03.000000');
INSERT INTO public.film_actor (actor_id, film_id, last_update) VALUES (19, 144, '2006-02-15 10:05:03.000000');
INSERT INTO public.film_actor (actor_id, film_id, last_update) VALUES (2, 145, '2006-02-15 10:05:03.000000');
INSERT INTO public.film_actor (actor_id, film_id, last_update) VALUES (5, 146, '2006-02-15 10:05:03.000000');
INSERT INTO public.film_actor (actor_id, film_id, last_update) VALUES (20, 146, '2006-02-15 10:05:03.000000');
INSERT INTO public.film_actor (actor_id, film_id, last_update) VALUES (9, 147, '2006-02-15 10:05:03.000000');
INSERT INTO public.film_actor (actor_id, film_id, last_update) VALUES (9, 148, '2006-02-15 10:05:03.000000');
INSERT INTO public.film_actor (actor_id, film_id, last_update) VALUES (19, 152, '2006-02-15 10:05:03.000000');
INSERT INTO public.film_actor (actor_id, film_id, last_update) VALUES (13, 154, '2006-02-15 10:05:03.000000');
INSERT INTO public.film_actor (actor_id, film_id, last_update) VALUES (17, 154, '2006-02-15 10:05:03.000000');
INSERT INTO public.film_actor (actor_id, film_id, last_update) VALUES (14, 154, '2006-02-15 10:05:03.000000');
INSERT INTO public.film_actor (actor_id, film_id, last_update) VALUES (12, 155, '2006-02-15 10:05:03.000000');
INSERT INTO public.film_actor (actor_id, film_id, last_update) VALUES (16, 155, '2006-02-15 10:05:03.000000');
INSERT INTO public.film_actor (actor_id, film_id, last_update) VALUES (8, 158, '2006-02-15 10:05:03.000000');
INSERT INTO public.film_actor (actor_id, film_id, last_update) VALUES (13, 162, '2006-02-15 10:05:03.000000');
INSERT INTO public.film_actor (actor_id, film_id, last_update) VALUES (6, 164, '2006-02-15 10:05:03.000000');
INSERT INTO public.film_actor (actor_id, film_id, last_update) VALUES (20, 165, '2006-02-15 10:05:03.000000');
INSERT INTO public.film_actor (actor_id, film_id, last_update) VALUES (6, 165, '2006-02-15 10:05:03.000000');
INSERT INTO public.film_actor (actor_id, film_id, last_update) VALUES (1, 166, '2006-02-15 10:05:03.000000');
INSERT INTO public.film_actor (actor_id, film_id, last_update) VALUES (7, 170, '2006-02-15 10:05:03.000000');
INSERT INTO public.film_actor (actor_id, film_id, last_update) VALUES (5, 171, '2006-02-15 10:05:03.000000');
INSERT INTO public.film_actor (actor_id, film_id, last_update) VALUES (18, 172, '2006-02-15 10:05:03.000000');
INSERT INTO public.film_actor (actor_id, film_id, last_update) VALUES (5, 172, '2006-02-15 10:05:03.000000');
INSERT INTO public.film_actor (actor_id, film_id, last_update) VALUES (7, 173, '2006-02-15 10:05:03.000000');
INSERT INTO public.film_actor (actor_id, film_id, last_update) VALUES (16, 177, '2006-02-15 10:05:03.000000');

INSERT INTO public.film_category (film_id, category_id, last_update) VALUES (1, 6, '2006-02-15 10:07:09.000000');
INSERT INTO public.film_category (film_id, category_id, last_update) VALUES (2, 11, '2006-02-15 10:07:09.000000');
INSERT INTO public.film_category (film_id, category_id, last_update) VALUES (3, 6, '2006-02-15 10:07:09.000000');
INSERT INTO public.film_category (film_id, category_id, last_update) VALUES (9, 11, '2006-02-15 10:07:09.000000');
INSERT INTO public.film_category (film_id, category_id, last_update) VALUES (16, 9, '2006-02-15 10:07:09.000000');
INSERT INTO public.film_category (film_id, category_id, last_update) VALUES (17, 12, '2006-02-15 10:07:09.000000');
INSERT INTO public.film_category (film_id, category_id, last_update) VALUES (19, 1, '2006-02-15 10:07:09.000000');
INSERT INTO public.film_category (film_id, category_id, last_update) VALUES (23, 2, '2006-02-15 10:07:09.000000');
INSERT INTO public.film_category (film_id, category_id, last_update) VALUES (25, 13, '2006-02-15 10:07:09.000000');
INSERT INTO public.film_category (film_id, category_id, last_update) VALUES (27, 15, '2006-02-15 10:07:09.000000');
INSERT INTO public.film_category (film_id, category_id, last_update) VALUES (29, 1, '2006-02-15 10:07:09.000000');
INSERT INTO public.film_category (film_id, category_id, last_update) VALUES (30, 11, '2006-02-15 10:07:09.000000');
INSERT INTO public.film_category (film_id, category_id, last_update) VALUES (31, 8, '2006-02-15 10:07:09.000000');
INSERT INTO public.film_category (film_id, category_id, last_update) VALUES (34, 11, '2006-02-15 10:07:09.000000');
INSERT INTO public.film_category (film_id, category_id, last_update) VALUES (35, 11, '2006-02-15 10:07:09.000000');
INSERT INTO public.film_category (film_id, category_id, last_update) VALUES (37, 4, '2006-02-15 10:07:09.000000');
INSERT INTO public.film_category (film_id, category_id, last_update) VALUES (40, 6, '2006-02-15 10:07:09.000000');
INSERT INTO public.film_category (film_id, category_id, last_update) VALUES (42, 15, '2006-02-15 10:07:09.000000');
INSERT INTO public.film_category (film_id, category_id, last_update) VALUES (44, 14, '2006-02-15 10:07:09.000000');
INSERT INTO public.film_category (film_id, category_id, last_update) VALUES (45, 13, '2006-02-15 10:07:09.000000');
INSERT INTO public.film_category (film_id, category_id, last_update) VALUES (47, 9, '2006-02-15 10:07:09.000000');
INSERT INTO public.film_category (film_id, category_id, last_update) VALUES (53, 8, '2006-02-15 10:07:09.000000');
INSERT INTO public.film_category (film_id, category_id, last_update) VALUES (54, 12, '2006-02-15 10:07:09.000000');
INSERT INTO public.film_category (film_id, category_id, last_update) VALUES (56, 1, '2006-02-15 10:07:09.000000');
INSERT INTO public.film_category (film_id, category_id, last_update) VALUES (60, 4, '2006-02-15 10:07:09.000000');
INSERT INTO public.film_category (film_id, category_id, last_update) VALUES (62, 6, '2006-02-15 10:07:09.000000');
INSERT INTO public.film_category (film_id, category_id, last_update) VALUES (63, 8, '2006-02-15 10:07:09.000000');
INSERT INTO public.film_category (film_id, category_id, last_update) VALUES (67, 1, '2006-02-15 10:07:09.000000');
INSERT INTO public.film_category (film_id, category_id, last_update) VALUES (70, 2, '2006-02-15 10:07:09.000000');
INSERT INTO public.film_category (film_id, category_id, last_update) VALUES (74, 12, '2006-02-15 10:07:09.000000');
INSERT INTO public.film_category (film_id, category_id, last_update) VALUES (79, 7, '2006-02-15 10:07:09.000000');
INSERT INTO public.film_category (film_id, category_id, last_update) VALUES (80, 8, '2006-02-15 10:07:09.000000');
INSERT INTO public.film_category (film_id, category_id, last_update) VALUES (84, 16, '2006-02-15 10:07:09.000000');
INSERT INTO public.film_category (film_id, category_id, last_update) VALUES (85, 6, '2006-02-15 10:07:09.000000');
INSERT INTO public.film_category (film_id, category_id, last_update) VALUES (87, 16, '2006-02-15 10:07:09.000000');
INSERT INTO public.film_category (film_id, category_id, last_update) VALUES (89, 2, '2006-02-15 10:07:09.000000');
INSERT INTO public.film_category (film_id, category_id, last_update) VALUES (91, 4, '2006-02-15 10:07:09.000000');
INSERT INTO public.film_category (film_id, category_id, last_update) VALUES (92, 11, '2006-02-15 10:07:09.000000');
INSERT INTO public.film_category (film_id, category_id, last_update) VALUES (96, 13, '2006-02-15 10:07:09.000000');
INSERT INTO public.film_category (film_id, category_id, last_update) VALUES (101, 6, '2006-02-15 10:07:09.000000');
INSERT INTO public.film_category (film_id, category_id, last_update) VALUES (105, 1, '2006-02-15 10:07:09.000000');
INSERT INTO public.film_category (film_id, category_id, last_update) VALUES (106, 10, '2006-02-15 10:07:09.000000');
INSERT INTO public.film_category (film_id, category_id, last_update) VALUES (107, 7, '2006-02-15 10:07:09.000000');
INSERT INTO public.film_category (film_id, category_id, last_update) VALUES (108, 13, '2006-02-15 10:07:09.000000');
INSERT INTO public.film_category (film_id, category_id, last_update) VALUES (110, 3, '2006-02-15 10:07:09.000000');
INSERT INTO public.film_category (film_id, category_id, last_update) VALUES (111, 1, '2006-02-15 10:07:09.000000');
INSERT INTO public.film_category (film_id, category_id, last_update) VALUES (112, 9, '2006-02-15 10:07:09.000000');
INSERT INTO public.film_category (film_id, category_id, last_update) VALUES (115, 1, '2006-02-15 10:07:09.000000');
INSERT INTO public.film_category (film_id, category_id, last_update) VALUES (118, 2, '2006-02-15 10:07:09.000000');
INSERT INTO public.film_category (film_id, category_id, last_update) VALUES (119, 5, '2006-02-15 10:07:09.000000');
INSERT INTO public.film_category (film_id, category_id, last_update) VALUES (121, 2, '2006-02-15 10:07:09.000000');
INSERT INTO public.film_category (film_id, category_id, last_update) VALUES (124, 3, '2006-02-15 10:07:09.000000');
INSERT INTO public.film_category (film_id, category_id, last_update) VALUES (125, 16, '2006-02-15 10:07:09.000000');
INSERT INTO public.film_category (film_id, category_id, last_update) VALUES (127, 5, '2006-02-15 10:07:09.000000');
INSERT INTO public.film_category (film_id, category_id, last_update) VALUES (132, 14, '2006-02-15 10:07:09.000000');
INSERT INTO public.film_category (film_id, category_id, last_update) VALUES (140, 14, '2006-02-15 10:07:09.000000');
INSERT INTO public.film_category (film_id, category_id, last_update) VALUES (144, 13, '2006-02-15 10:07:09.000000');
INSERT INTO public.film_category (film_id, category_id, last_update) VALUES (145, 8, '2006-02-15 10:07:09.000000');
INSERT INTO public.film_category (film_id, category_id, last_update) VALUES (146, 7, '2006-02-15 10:07:09.000000');
INSERT INTO public.film_category (film_id, category_id, last_update) VALUES (147, 8, '2006-02-15 10:07:09.000000');
INSERT INTO public.film_category (film_id, category_id, last_update) VALUES (148, 9, '2006-02-15 10:07:09.000000');
INSERT INTO public.film_category (film_id, category_id, last_update) VALUES (152, 3, '2006-02-15 10:07:09.000000');
INSERT INTO public.film_category (film_id, category_id, last_update) VALUES (154, 2, '2006-02-15 10:07:09.000000');
INSERT INTO public.film_category (film_id, category_id, last_update) VALUES (155, 13, '2006-02-15 10:07:09.000000');
INSERT INTO public.film_category (film_id, category_id, last_update) VALUES (158, 12, '2006-02-15 10:07:09.000000');
INSERT INTO public.film_category (film_id, category_id, last_update) VALUES (162, 1, '2006-02-15 10:07:09.000000');
INSERT INTO public.film_category (film_id, category_id, last_update) VALUES (164, 6, '2006-02-15 10:07:09.000000');
INSERT INTO public.film_category (film_id, category_id, last_update) VALUES (165, 14, '2006-02-15 10:07:09.000000');
INSERT INTO public.film_category (film_id, category_id, last_update) VALUES (166, 4, '2006-02-15 10:07:09.000000');
INSERT INTO public.film_category (film_id, category_id, last_update) VALUES (170, 9, '2006-02-15 10:07:09.000000');
INSERT INTO public.film_category (film_id, category_id, last_update) VALUES (171, 11, '2006-02-15 10:07:09.000000');
INSERT INTO public.film_category (film_id, category_id, last_update) VALUES (172, 7, '2006-02-15 10:07:09.000000');
INSERT INTO public.film_category (film_id, category_id, last_update) VALUES (173, 7, '2006-02-15 10:07:09.000000');
INSERT INTO public.film_category (film_id, category_id, last_update) VALUES (177, 14, '2006-02-15 10:07:09.000000');

INSERT INTO public.customer (customer_id, store_id, first_name, last_name, email, address_id, activebool, create_date, last_update, active) VALUES (1, 1, 'Mary', 'Smith', 'mary.smith@sakilacustomer.org', 5, true, '2006-02-14', '2013-05-26 14:49:45.738000', 1);
INSERT INTO public.customer (customer_id, store_id, first_name, last_name, email, address_id, activebool, create_date, last_update, active) VALUES (2, 1, 'Patricia', 'Johnson', 'patricia.johnson@sakilacustomer.org', 6, true, '2006-02-14', '2013-05-26 14:49:45.738000', 1);
INSERT INTO public.customer (customer_id, store_id, first_name, last_name, email, address_id, activebool, create_date, last_update, active) VALUES (3, 1, 'Linda', 'Williams', 'linda.williams@sakilacustomer.org', 7, true, '2006-02-14', '2013-05-26 14:49:45.738000', 1);
INSERT INTO public.customer (customer_id, store_id, first_name, last_name, email, address_id, activebool, create_date, last_update, active) VALUES (4, 2, 'Barbara', 'Jones', 'barbara.jones@sakilacustomer.org', 8, true, '2006-02-14', '2013-05-26 14:49:45.738000', 1);
INSERT INTO public.customer (customer_id, store_id, first_name, last_name, email, address_id, activebool, create_date, last_update, active) VALUES (5, 1, 'Elizabeth', 'Brown', 'elizabeth.brown@sakilacustomer.org', 9, true, '2006-02-14', '2013-05-26 14:49:45.738000', 1);
INSERT INTO public.customer (customer_id, store_id, first_name, last_name, email, address_id, activebool, create_date, last_update, active) VALUES (6, 2, 'Jennifer', 'Davis', 'jennifer.davis@sakilacustomer.org', 10, true, '2006-02-14', '2013-05-26 14:49:45.738000', 1);
INSERT INTO public.customer (customer_id, store_id, first_name, last_name, email, address_id, activebool, create_date, last_update, active) VALUES (7, 1, 'Maria', 'Miller', 'maria.miller@sakilacustomer.org', 11, true, '2006-02-14', '2013-05-26 14:49:45.738000', 1);
INSERT INTO public.customer (customer_id, store_id, first_name, last_name, email, address_id, activebool, create_date, last_update, active) VALUES (8, 2, 'Susan', 'Wilson', 'susan.wilson@sakilacustomer.org', 12, true, '2006-02-14', '2013-05-26 14:49:45.738000', 1);
INSERT INTO public.customer (customer_id, store_id, first_name, last_name, email, address_id, activebool, create_date, last_update, active) VALUES (9, 2, 'Margaret', 'Moore', 'margaret.moore@sakilacustomer.org', 13, true, '2006-02-14', '2013-05-26 14:49:45.738000', 1);
INSERT INTO public.customer (customer_id, store_id, first_name, last_name, email, address_id, activebool, create_date, last_update, active) VALUES (10, 1, 'Dorothy', 'Taylor', 'dorothy.taylor@sakilacustomer.org', 14, true, '2006-02-14', '2013-05-26 14:49:45.738000', 1);
INSERT INTO public.customer (customer_id, store_id, first_name, last_name, email, address_id, activebool, create_date, last_update, active) VALUES (11, 2, 'Lisa', 'Anderson', 'lisa.anderson@sakilacustomer.org', 15, true, '2006-02-14', '2013-05-26 14:49:45.738000', 1);
INSERT INTO public.customer (customer_id, store_id, first_name, last_name, email, address_id, activebool, create_date, last_update, active) VALUES (12, 1, 'Nancy', 'Thomas', 'nancy.thomas@sakilacustomer.org', 16, true, '2006-02-14', '2013-05-26 14:49:45.738000', 1);
INSERT INTO public.customer (customer_id, store_id, first_name, last_name, email, address_id, activebool, create_date, last_update, active) VALUES (13, 2, 'Karen', 'Jackson', 'karen.jackson@sakilacustomer.org', 17, true, '2006-02-14', '2013-05-26 14:49:45.738000', 1);
INSERT INTO public.customer (customer_id, store_id, first_name, last_name, email, address_id, activebool, create_date, last_update, active) VALUES (14, 2, 'Betty', 'White', 'betty.white@sakilacustomer.org', 18, true, '2006-02-14', '2013-05-26 14:49:45.738000', 1);
INSERT INTO public.customer (customer_id, store_id, first_name, last_name, email, address_id, activebool, create_date, last_update, active) VALUES (15, 1, 'Helen', 'Harris', 'helen.harris@sakilacustomer.org', 19, true, '2006-02-14', '2013-05-26 14:49:45.738000', 1);
INSERT INTO public.customer (customer_id, store_id, first_name, last_name, email, address_id, activebool, create_date, last_update, active) VALUES (16, 2, 'Sandra', 'Martin', 'sandra.martin@sakilacustomer.org', 20, true, '2006-02-14', '2013-05-26 14:49:45.738000', 0);
INSERT INTO public.customer (customer_id, store_id, first_name, last_name, email, address_id, activebool, create_date, last_update, active) VALUES (17, 1, 'Donna', 'Thompson', 'donna.thompson@sakilacustomer.org', 21, true, '2006-02-14', '2013-05-26 14:49:45.738000', 1);
INSERT INTO public.customer (customer_id, store_id, first_name, last_name, email, address_id, activebool, create_date, last_update, active) VALUES (18, 2, 'Carol', 'Garcia', 'carol.garcia@sakilacustomer.org', 22, true, '2006-02-14', '2013-05-26 14:49:45.738000', 1);
INSERT INTO public.customer (customer_id, store_id, first_name, last_name, email, address_id, activebool, create_date, last_update, active) VALUES (19, 1, 'Ruth', 'Martinez', 'ruth.martinez@sakilacustomer.org', 23, true, '2006-02-14', '2013-05-26 14:49:45.738000', 1);
INSERT INTO public.customer (customer_id, store_id, first_name, last_name, email, address_id, activebool, create_date, last_update, active) VALUES (20, 2, 'Sharon', 'Robinson', 'sharon.robinson@sakilacustomer.org', 24, true, '2006-02-14', '2013-05-26 14:49:45.738000', 1);
INSERT INTO public.customer (customer_id, store_id, first_name, last_name, email, address_id, activebool, create_date, last_update, active) VALUES (21, 1, 'Michelle', 'Clark', 'michelle.clark@sakilacustomer.org', 25, true, '2006-02-14', '2013-05-26 14:49:45.738000', 1);
INSERT INTO public.customer (customer_id, store_id, first_name, last_name, email, address_id, activebool, create_date, last_update, active) VALUES (22, 1, 'Laura', 'Rodriguez', 'laura.rodriguez@sakilacustomer.org', 26, true, '2006-02-14', '2013-05-26 14:49:45.738000', 1);
INSERT INTO public.customer (customer_id, store_id, first_name, last_name, email, address_id, activebool, create_date, last_update, active) VALUES (23, 2, 'Sarah', 'Lewis', 'sarah.lewis@sakilacustomer.org', 27, true, '2006-02-14', '2013-05-26 14:49:45.738000', 1);
INSERT INTO public.customer (customer_id, store_id, first_name, last_name, email, address_id, activebool, create_date, last_update, active) VALUES (24, 2, 'Kimberly', 'Lee', 'kimberly.lee@sakilacustomer.org', 28, true, '2006-02-14', '2013-05-26 14:49:45.738000', 1);
INSERT INTO public.customer (customer_id, store_id, first_name, last_name, email, address_id, activebool, create_date, last_update, active) VALUES (25, 1, 'Deborah', 'Walker', 'deborah.walker@sakilacustomer.org', 29, true, '2006-02-14', '2013-05-26 14:49:45.738000', 1);
INSERT INTO public.customer (customer_id, store_id, first_name, last_name, email, address_id, activebool, create_date, last_update, active) VALUES (26, 2, 'Jessica', 'Hall', 'jessica.hall@sakilacustomer.org', 30, true, '2006-02-14', '2013-05-26 14:49:45.738000', 1);
INSERT INTO public.customer (customer_id, store_id, first_name, last_name, email, address_id, activebool, create_date, last_update, active) VALUES (27, 2, 'Shirley', 'Allen', 'shirley.allen@sakilacustomer.org', 31, true, '2006-02-14', '2013-05-26 14:49:45.738000', 1);
INSERT INTO public.customer (customer_id, store_id, first_name, last_name, email, address_id, activebool, create_date, last_update, active) VALUES (28, 1, 'Cynthia', 'Young', 'cynthia.young@sakilacustomer.org', 32, true, '2006-02-14', '2013-05-26 14:49:45.738000', 1);
INSERT INTO public.customer (customer_id, store_id, first_name, last_name, email, address_id, activebool, create_date, last_update, active) VALUES (29, 2, 'Angela', 'Hernandez', 'angela.hernandez@sakilacustomer.org', 33, true, '2006-02-14', '2013-05-26 14:49:45.738000', 1);
INSERT INTO public.customer (customer_id, store_id, first_name, last_name, email, address_id, activebool, create_date, last_update, active) VALUES (30, 1, 'Melissa', 'King', 'melissa.king@sakilacustomer.org', 34, true, '2006-02-14', '2013-05-26 14:49:45.738000', 1);
INSERT INTO public.customer (customer_id, store_id, first_name, last_name, email, address_id, activebool, create_date, last_update, active) VALUES (31, 2, 'Brenda', 'Wright', 'brenda.wright@sakilacustomer.org', 35, true, '2006-02-14', '2013-05-26 14:49:45.738000', 1);
INSERT INTO public.customer (customer_id, store_id, first_name, last_name, email, address_id, activebool, create_date, last_update, active) VALUES (32, 1, 'Amy', 'Lopez', 'amy.lopez@sakilacustomer.org', 36, true, '2006-02-14', '2013-05-26 14:49:45.738000', 1);
INSERT INTO public.customer (customer_id, store_id, first_name, last_name, email, address_id, activebool, create_date, last_update, active) VALUES (33, 2, 'Anna', 'Hill', 'anna.hill@sakilacustomer.org', 37, true, '2006-02-14', '2013-05-26 14:49:45.738000', 1);
INSERT INTO public.customer (customer_id, store_id, first_name, last_name, email, address_id, activebool, create_date, last_update, active) VALUES (34, 2, 'Rebecca', 'Scott', 'rebecca.scott@sakilacustomer.org', 38, true, '2006-02-14', '2013-05-26 14:49:45.738000', 1);
INSERT INTO public.customer (customer_id, store_id, first_name, last_name, email, address_id, activebool, create_date, last_update, active) VALUES (35, 2, 'Virginia', 'Green', 'virginia.green@sakilacustomer.org', 39, true, '2006-02-14', '2013-05-26 14:49:45.738000', 1);
INSERT INTO public.customer (customer_id, store_id, first_name, last_name, email, address_id, activebool, create_date, last_update, active) VALUES (36, 2, 'Kathleen', 'Adams', 'kathleen.adams@sakilacustomer.org', 40, true, '2006-02-14', '2013-05-26 14:49:45.738000', 1);
INSERT INTO public.customer (customer_id, store_id, first_name, last_name, email, address_id, activebool, create_date, last_update, active) VALUES (37, 1, 'Pamela', 'Baker', 'pamela.baker@sakilacustomer.org', 41, true, '2006-02-14', '2013-05-26 14:49:45.738000', 1);
INSERT INTO public.customer (customer_id, store_id, first_name, last_name, email, address_id, activebool, create_date, last_update, active) VALUES (38, 1, 'Martha', 'Gonzalez', 'martha.gonzalez@sakilacustomer.org', 42, true, '2006-02-14', '2013-05-26 14:49:45.738000', 1);
INSERT INTO public.customer (customer_id, store_id, first_name, last_name, email, address_id, activebool, create_date, last_update, active) VALUES (39, 1, 'Debra', 'Nelson', 'debra.nelson@sakilacustomer.org', 43, true, '2006-02-14', '2013-05-26 14:49:45.738000', 1);
INSERT INTO public.customer (customer_id, store_id, first_name, last_name, email, address_id, activebool, create_date, last_update, active) VALUES (40, 2, 'Amanda', 'Carter', 'amanda.carter@sakilacustomer.org', 44, true, '2006-02-14', '2013-05-26 14:49:45.738000', 1);
INSERT INTO public.customer (customer_id, store_id, first_name, last_name, email, address_id, activebool, create_date, last_update, active) VALUES (41, 1, 'Stephanie', 'Mitchell', 'stephanie.mitchell@sakilacustomer.org', 45, true, '2006-02-14', '2013-05-26 14:49:45.738000', 1);
INSERT INTO public.customer (customer_id, store_id, first_name, last_name, email, address_id, activebool, create_date, last_update, active) VALUES (42, 2, 'Carolyn', 'Perez', 'carolyn.perez@sakilacustomer.org', 46, true, '2006-02-14', '2013-05-26 14:49:45.738000', 1);
INSERT INTO public.customer (customer_id, store_id, first_name, last_name, email, address_id, activebool, create_date, last_update, active) VALUES (43, 2, 'Christine', 'Roberts', 'christine.roberts@sakilacustomer.org', 47, true, '2006-02-14', '2013-05-26 14:49:45.738000', 1);
INSERT INTO public.customer (customer_id, store_id, first_name, last_name, email, address_id, activebool, create_date, last_update, active) VALUES (44, 1, 'Marie', 'Turner', 'marie.turner@sakilacustomer.org', 48, true, '2006-02-14', '2013-05-26 14:49:45.738000', 1);
INSERT INTO public.customer (customer_id, store_id, first_name, last_name, email, address_id, activebool, create_date, last_update, active) VALUES (45, 1, 'Janet', 'Phillips', 'janet.phillips@sakilacustomer.org', 49, true, '2006-02-14', '2013-05-26 14:49:45.738000', 1);
INSERT INTO public.customer (customer_id, store_id, first_name, last_name, email, address_id, activebool, create_date, last_update, active) VALUES (46, 2, 'Catherine', 'Campbell', 'catherine.campbell@sakilacustomer.org', 50, true, '2006-02-14', '2013-05-26 14:49:45.738000', 1);
INSERT INTO public.customer (customer_id, store_id, first_name, last_name, email, address_id, activebool, create_date, last_update, active) VALUES (47, 1, 'Frances', 'Parker', 'frances.parker@sakilacustomer.org', 51, true, '2006-02-14', '2013-05-26 14:49:45.738000', 1);
INSERT INTO public.customer (customer_id, store_id, first_name, last_name, email, address_id, activebool, create_date, last_update, active) VALUES (48, 1, 'Ann', 'Evans', 'ann.evans@sakilacustomer.org', 52, true, '2006-02-14', '2013-05-26 14:49:45.738000', 1);
INSERT INTO public.customer (customer_id, store_id, first_name, last_name, email, address_id, activebool, create_date, last_update, active) VALUES (49, 2, 'Joyce', 'Edwards', 'joyce.edwards@sakilacustomer.org', 53, true, '2006-02-14', '2013-05-26 14:49:45.738000', 1);
INSERT INTO public.customer (customer_id, store_id, first_name, last_name, email, address_id, activebool, create_date, last_update, active) VALUES (50, 1, 'Diane', 'Collins', 'diane.collins@sakilacustomer.org', 54, true, '2006-02-14', '2013-05-26 14:49:45.738000', 1);
INSERT INTO public.customer (customer_id, store_id, first_name, last_name, email, address_id, activebool, create_date, last_update, active) VALUES (51, 1, 'Alice', 'Stewart', 'alice.stewart@sakilacustomer.org', 55, true, '2006-02-14', '2013-05-26 14:49:45.738000', 1);
INSERT INTO public.customer (customer_id, store_id, first_name, last_name, email, address_id, activebool, create_date, last_update, active) VALUES (52, 1, 'Julie', 'Sanchez', 'julie.sanchez@sakilacustomer.org', 56, true, '2006-02-14', '2013-05-26 14:49:45.738000', 1);
INSERT INTO public.customer (customer_id, store_id, first_name, last_name, email, address_id, activebool, create_date, last_update, active) VALUES (53, 1, 'Heather', 'Morris', 'heather.morris@sakilacustomer.org', 57, true, '2006-02-14', '2013-05-26 14:49:45.738000', 1);
INSERT INTO public.customer (customer_id, store_id, first_name, last_name, email, address_id, activebool, create_date, last_update, active) VALUES (54, 1, 'Teresa', 'Rogers', 'teresa.rogers@sakilacustomer.org', 58, true, '2006-02-14', '2013-05-26 14:49:45.738000', 1);
INSERT INTO public.customer (customer_id, store_id, first_name, last_name, email, address_id, activebool, create_date, last_update, active) VALUES (55, 2, 'Doris', 'Reed', 'doris.reed@sakilacustomer.org', 59, true, '2006-02-14', '2013-05-26 14:49:45.738000', 1);
INSERT INTO public.customer (customer_id, store_id, first_name, last_name, email, address_id, activebool, create_date, last_update, active) VALUES (56, 1, 'Gloria', 'Cook', 'gloria.cook@sakilacustomer.org', 60, true, '2006-02-14', '2013-05-26 14:49:45.738000', 1);

INSERT INTO public.staff (staff_id, first_name, last_name, address_id, email, store_id, active, username, password, last_update, picture) VALUES (1, 'Mike', 'Hillyer', 3, 'Mike.Hillyer@sakilastaff.com', 1, true, 'Mike', '8cb2237d0679ca88db6464eac60da96345513964', '2006-05-16 16:13:11.793280', E'\\x89504E470D0A5A0A');
INSERT INTO public.staff (staff_id, first_name, last_name, address_id, email, store_id, active, username, password, last_update, picture) VALUES (2, 'Jon', 'Stephens', 4, 'Jon.Stephens@sakilastaff.com', 2, true, 'Jon', '8cb2237d0679ca88db6464eac60da96345513964', '2006-05-16 16:13:11.793280', null);

INSERT INTO public.store (store_id, manager_staff_id, address_id, last_update) VALUES (1, 1, 1, '2006-02-15 09:57:12.000000');
INSERT INTO public.store (store_id, manager_staff_id, address_id, last_update) VALUES (2, 2, 2, '2006-02-15 09:57:12.000000');

INSERT INTO public.inventory (inventory_id, film_id, store_id, last_update) VALUES (1, 1, 1, '2006-02-15 10:09:17.000000');
INSERT INTO public.inventory (inventory_id, film_id, store_id, last_update) VALUES (2, 1, 1, '2006-02-15 10:09:17.000000');
INSERT INTO public.inventory (inventory_id, film_id, store_id, last_update) VALUES (3, 1, 1, '2006-02-15 10:09:17.000000');
INSERT INTO public.inventory (inventory_id, film_id, store_id, last_update) VALUES (4, 1, 1, '2006-02-15 10:09:17.000000');
INSERT INTO public.inventory (inventory_id, film_id, store_id, last_update) VALUES (5, 1, 2, '2006-02-15 10:09:17.000000');
INSERT INTO public.inventory (inventory_id, film_id, store_id, last_update) VALUES (6, 1, 2, '2006-02-15 10:09:17.000000');
INSERT INTO public.inventory (inventory_id, film_id, store_id, last_update) VALUES (7, 1, 2, '2006-02-15 10:09:17.000000');
INSERT INTO public.inventory (inventory_id, film_id, store_id, last_update) VALUES (8, 1, 2, '2006-02-15 10:09:17.000000');
INSERT INTO public.inventory (inventory_id, film_id, store_id, last_update) VALUES (9, 2, 2, '2006-02-15 10:09:17.000000');
INSERT INTO public.inventory (inventory_id, film_id, store_id, last_update) VALUES (10, 2, 2, '2006-02-15 10:09:17.000000');
INSERT INTO public.inventory (inventory_id, film_id, store_id, last_update) VALUES (11, 2, 2, '2006-02-15 10:09:17.000000');
INSERT INTO public.inventory (inventory_id, film_id, store_id, last_update) VALUES (12, 3, 2, '2006-02-15 10:09:17.000000');
INSERT INTO public.inventory (inventory_id, film_id, store_id, last_update) VALUES (13, 3, 2, '2006-02-15 10:09:17.000000');
INSERT INTO public.inventory (inventory_id, film_id, store_id, last_update) VALUES (14, 3, 2, '2006-02-15 10:09:17.000000');
INSERT INTO public.inventory (inventory_id, film_id, store_id, last_update) VALUES (15, 3, 2, '2006-02-15 10:09:17.000000');
INSERT INTO public.inventory (inventory_id, film_id, store_id, last_update) VALUES (41, 9, 1, '2006-02-15 10:09:17.000000');
INSERT INTO public.inventory (inventory_id, film_id, store_id, last_update) VALUES (42, 9, 1, '2006-02-15 10:09:17.000000');
INSERT INTO public.inventory (inventory_id, film_id, store_id, last_update) VALUES (43, 9, 1, '2006-02-15 10:09:17.000000');
INSERT INTO public.inventory (inventory_id, film_id, store_id, last_update) VALUES (44, 9, 2, '2006-02-15 10:09:17.000000');
INSERT INTO public.inventory (inventory_id, film_id, store_id, last_update) VALUES (45, 9, 2, '2006-02-15 10:09:17.000000');
INSERT INTO public.inventory (inventory_id, film_id, store_id, last_update) VALUES (77, 16, 1, '2006-02-15 10:09:17.000000');
INSERT INTO public.inventory (inventory_id, film_id, store_id, last_update) VALUES (78, 16, 1, '2006-02-15 10:09:17.000000');
INSERT INTO public.inventory (inventory_id, film_id, store_id, last_update) VALUES (79, 16, 2, '2006-02-15 10:09:17.000000');
INSERT INTO public.inventory (inventory_id, film_id, store_id, last_update) VALUES (80, 16, 2, '2006-02-15 10:09:17.000000');
INSERT INTO public.inventory (inventory_id, film_id, store_id, last_update) VALUES (81, 17, 1, '2006-02-15 10:09:17.000000');
INSERT INTO public.inventory (inventory_id, film_id, store_id, last_update) VALUES (82, 17, 1, '2006-02-15 10:09:17.000000');
INSERT INTO public.inventory (inventory_id, film_id, store_id, last_update) VALUES (83, 17, 1, '2006-02-15 10:09:17.000000');
INSERT INTO public.inventory (inventory_id, film_id, store_id, last_update) VALUES (84, 17, 2, '2006-02-15 10:09:17.000000');
INSERT INTO public.inventory (inventory_id, film_id, store_id, last_update) VALUES (85, 17, 2, '2006-02-15 10:09:17.000000');
INSERT INTO public.inventory (inventory_id, film_id, store_id, last_update) VALUES (86, 17, 2, '2006-02-15 10:09:17.000000');
INSERT INTO public.inventory (inventory_id, film_id, store_id, last_update) VALUES (93, 19, 1, '2006-02-15 10:09:17.000000');
INSERT INTO public.inventory (inventory_id, film_id, store_id, last_update) VALUES (94, 19, 1, '2006-02-15 10:09:17.000000');
INSERT INTO public.inventory (inventory_id, film_id, store_id, last_update) VALUES (95, 19, 1, '2006-02-15 10:09:17.000000');
INSERT INTO public.inventory (inventory_id, film_id, store_id, last_update) VALUES (96, 19, 1, '2006-02-15 10:09:17.000000');
INSERT INTO public.inventory (inventory_id, film_id, store_id, last_update) VALUES (97, 19, 2, '2006-02-15 10:09:17.000000');
INSERT INTO public.inventory (inventory_id, film_id, store_id, last_update) VALUES (98, 19, 2, '2006-02-15 10:09:17.000000');
INSERT INTO public.inventory (inventory_id, film_id, store_id, last_update) VALUES (115, 23, 1, '2006-02-15 10:09:17.000000');
INSERT INTO public.inventory (inventory_id, film_id, store_id, last_update) VALUES (116, 23, 1, '2006-02-15 10:09:17.000000');
INSERT INTO public.inventory (inventory_id, film_id, store_id, last_update) VALUES (117, 23, 1, '2006-02-15 10:09:17.000000');
INSERT INTO public.inventory (inventory_id, film_id, store_id, last_update) VALUES (118, 23, 2, '2006-02-15 10:09:17.000000');
INSERT INTO public.inventory (inventory_id, film_id, store_id, last_update) VALUES (119, 23, 2, '2006-02-15 10:09:17.000000');
INSERT INTO public.inventory (inventory_id, film_id, store_id, last_update) VALUES (124, 25, 1, '2006-02-15 10:09:17.000000');
INSERT INTO public.inventory (inventory_id, film_id, store_id, last_update) VALUES (125, 25, 1, '2006-02-15 10:09:17.000000');
INSERT INTO public.inventory (inventory_id, film_id, store_id, last_update) VALUES (126, 25, 1, '2006-02-15 10:09:17.000000');
INSERT INTO public.inventory (inventory_id, film_id, store_id, last_update) VALUES (127, 25, 1, '2006-02-15 10:09:17.000000');
INSERT INTO public.inventory (inventory_id, film_id, store_id, last_update) VALUES (128, 25, 2, '2006-02-15 10:09:17.000000');
INSERT INTO public.inventory (inventory_id, film_id, store_id, last_update) VALUES (129, 25, 2, '2006-02-15 10:09:17.000000');
INSERT INTO public.inventory (inventory_id, film_id, store_id, last_update) VALUES (135, 27, 1, '2006-02-15 10:09:17.000000');
INSERT INTO public.inventory (inventory_id, film_id, store_id, last_update) VALUES (136, 27, 1, '2006-02-15 10:09:17.000000');
INSERT INTO public.inventory (inventory_id, film_id, store_id, last_update) VALUES (137, 27, 1, '2006-02-15 10:09:17.000000');
INSERT INTO public.inventory (inventory_id, film_id, store_id, last_update) VALUES (138, 27, 1, '2006-02-15 10:09:17.000000');
INSERT INTO public.inventory (inventory_id, film_id, store_id, last_update) VALUES (142, 29, 1, '2006-02-15 10:09:17.000000');
INSERT INTO public.inventory (inventory_id, film_id, store_id, last_update) VALUES (143, 29, 1, '2006-02-15 10:09:17.000000');
INSERT INTO public.inventory (inventory_id, film_id, store_id, last_update) VALUES (144, 30, 1, '2006-02-15 10:09:17.000000');
INSERT INTO public.inventory (inventory_id, film_id, store_id, last_update) VALUES (145, 30, 1, '2006-02-15 10:09:17.000000');
INSERT INTO public.inventory (inventory_id, film_id, store_id, last_update) VALUES (146, 31, 1, '2006-02-15 10:09:17.000000');
INSERT INTO public.inventory (inventory_id, film_id, store_id, last_update) VALUES (147, 31, 1, '2006-02-15 10:09:17.000000');
INSERT INTO public.inventory (inventory_id, film_id, store_id, last_update) VALUES (148, 31, 1, '2006-02-15 10:09:17.000000');
INSERT INTO public.inventory (inventory_id, film_id, store_id, last_update) VALUES (149, 31, 1, '2006-02-15 10:09:17.000000');
INSERT INTO public.inventory (inventory_id, film_id, store_id, last_update) VALUES (150, 31, 2, '2006-02-15 10:09:17.000000');
INSERT INTO public.inventory (inventory_id, film_id, store_id, last_update) VALUES (151, 31, 2, '2006-02-15 10:09:17.000000');
INSERT INTO public.inventory (inventory_id, film_id, store_id, last_update) VALUES (152, 31, 2, '2006-02-15 10:09:17.000000');
INSERT INTO public.inventory (inventory_id, film_id, store_id, last_update) VALUES (153, 31, 2, '2006-02-15 10:09:17.000000');
INSERT INTO public.inventory (inventory_id, film_id, store_id, last_update) VALUES (156, 34, 2, '2006-02-15 10:09:17.000000');
INSERT INTO public.inventory (inventory_id, film_id, store_id, last_update) VALUES (157, 34, 2, '2006-02-15 10:09:17.000000');
INSERT INTO public.inventory (inventory_id, film_id, store_id, last_update) VALUES (158, 34, 2, '2006-02-15 10:09:17.000000');
INSERT INTO public.inventory (inventory_id, film_id, store_id, last_update) VALUES (159, 34, 2, '2006-02-15 10:09:17.000000');
INSERT INTO public.inventory (inventory_id, film_id, store_id, last_update) VALUES (160, 35, 1, '2006-02-15 10:09:17.000000');
INSERT INTO public.inventory (inventory_id, film_id, store_id, last_update) VALUES (161, 35, 1, '2006-02-15 10:09:17.000000');
INSERT INTO public.inventory (inventory_id, film_id, store_id, last_update) VALUES (162, 35, 1, '2006-02-15 10:09:17.000000');
INSERT INTO public.inventory (inventory_id, film_id, store_id, last_update) VALUES (163, 35, 1, '2006-02-15 10:09:17.000000');
INSERT INTO public.inventory (inventory_id, film_id, store_id, last_update) VALUES (164, 35, 2, '2006-02-15 10:09:17.000000');
INSERT INTO public.inventory (inventory_id, film_id, store_id, last_update) VALUES (165, 35, 2, '2006-02-15 10:09:17.000000');
INSERT INTO public.inventory (inventory_id, film_id, store_id, last_update) VALUES (166, 35, 2, '2006-02-15 10:09:17.000000');
INSERT INTO public.inventory (inventory_id, film_id, store_id, last_update) VALUES (167, 37, 1, '2006-02-15 10:09:17.000000');
INSERT INTO public.inventory (inventory_id, film_id, store_id, last_update) VALUES (168, 37, 1, '2006-02-15 10:09:17.000000');
INSERT INTO public.inventory (inventory_id, film_id, store_id, last_update) VALUES (169, 37, 1, '2006-02-15 10:09:17.000000');
INSERT INTO public.inventory (inventory_id, film_id, store_id, last_update) VALUES (170, 37, 1, '2006-02-15 10:09:17.000000');
INSERT INTO public.inventory (inventory_id, film_id, store_id, last_update) VALUES (171, 37, 2, '2006-02-15 10:09:17.000000');
INSERT INTO public.inventory (inventory_id, film_id, store_id, last_update) VALUES (172, 37, 2, '2006-02-15 10:09:17.000000');
INSERT INTO public.inventory (inventory_id, film_id, store_id, last_update) VALUES (173, 37, 2, '2006-02-15 10:09:17.000000');
INSERT INTO public.inventory (inventory_id, film_id, store_id, last_update) VALUES (181, 40, 2, '2006-02-15 10:09:17.000000');
INSERT INTO public.inventory (inventory_id, film_id, store_id, last_update) VALUES (182, 40, 2, '2006-02-15 10:09:17.000000');
INSERT INTO public.inventory (inventory_id, film_id, store_id, last_update) VALUES (183, 40, 2, '2006-02-15 10:09:17.000000');
INSERT INTO public.inventory (inventory_id, film_id, store_id, last_update) VALUES (184, 40, 2, '2006-02-15 10:09:17.000000');
INSERT INTO public.inventory (inventory_id, film_id, store_id, last_update) VALUES (185, 42, 2, '2006-02-15 10:09:17.000000');
INSERT INTO public.inventory (inventory_id, film_id, store_id, last_update) VALUES (186, 42, 2, '2006-02-15 10:09:17.000000');
INSERT INTO public.inventory (inventory_id, film_id, store_id, last_update) VALUES (187, 42, 2, '2006-02-15 10:09:17.000000');
INSERT INTO public.inventory (inventory_id, film_id, store_id, last_update) VALUES (188, 42, 2, '2006-02-15 10:09:17.000000');
INSERT INTO public.inventory (inventory_id, film_id, store_id, last_update) VALUES (196, 44, 1, '2006-02-15 10:09:17.000000');
INSERT INTO public.inventory (inventory_id, film_id, store_id, last_update) VALUES (197, 44, 1, '2006-02-15 10:09:17.000000');
INSERT INTO public.inventory (inventory_id, film_id, store_id, last_update) VALUES (198, 44, 2, '2006-02-15 10:09:17.000000');
INSERT INTO public.inventory (inventory_id, film_id, store_id, last_update) VALUES (199, 44, 2, '2006-02-15 10:09:17.000000');
INSERT INTO public.inventory (inventory_id, film_id, store_id, last_update) VALUES (200, 44, 2, '2006-02-15 10:09:17.000000');
INSERT INTO public.inventory (inventory_id, film_id, store_id, last_update) VALUES (201, 45, 1, '2006-02-15 10:09:17.000000');
INSERT INTO public.inventory (inventory_id, film_id, store_id, last_update) VALUES (202, 45, 1, '2006-02-15 10:09:17.000000');
INSERT INTO public.inventory (inventory_id, film_id, store_id, last_update) VALUES (203, 45, 1, '2006-02-15 10:09:17.000000');
INSERT INTO public.inventory (inventory_id, film_id, store_id, last_update) VALUES (204, 45, 1, '2006-02-15 10:09:17.000000');
INSERT INTO public.inventory (inventory_id, film_id, store_id, last_update) VALUES (205, 45, 2, '2006-02-15 10:09:17.000000');
INSERT INTO public.inventory (inventory_id, film_id, store_id, last_update) VALUES (206, 45, 2, '2006-02-15 10:09:17.000000');

INSERT INTO public.rental (rental_id, rental_date, inventory_id, customer_id, return_date, staff_id, last_update) VALUES (10141, '2005-07-31 22:08:29.000000', 8, 8, '2005-08-06 16:59:29.000000', 1, '2006-02-16 02:30:53.000000');
INSERT INTO public.rental (rental_id, rental_date, inventory_id, customer_id, return_date, staff_id, last_update) VALUES (14236, '2005-08-21 05:13:16.000000', 172, 25, '2005-08-26 04:03:16.000000', 2, '2006-02-16 02:30:53.000000');
INSERT INTO public.rental (rental_id, rental_date, inventory_id, customer_id, return_date, staff_id, last_update) VALUES (15758, '2005-08-23 12:47:26.000000', 152, 46, '2005-08-29 11:05:26.000000', 2, '2006-02-16 02:30:53.000000');
INSERT INTO public.rental (rental_id, rental_date, inventory_id, customer_id, return_date, staff_id, last_update) VALUES (8741, '2005-07-29 18:44:57.000000', 165, 4, '2005-08-03 18:25:57.000000', 2, '2006-02-16 02:30:53.000000');
INSERT INTO public.rental (rental_id, rental_date, inventory_id, customer_id, return_date, staff_id, last_update) VALUES (7636, '2005-07-28 01:08:36.000000', 202, 51, '2005-08-03 21:36:36.000000', 1, '2006-02-16 02:30:53.000000');
INSERT INTO public.rental (rental_id, rental_date, inventory_id, customer_id, return_date, staff_id, last_update) VALUES (12268, '2005-08-18 04:26:54.000000', 93, 39, '2005-08-23 06:40:54.000000', 2, '2006-02-16 02:30:53.000000');
INSERT INTO public.rental (rental_id, rental_date, inventory_id, customer_id, return_date, staff_id, last_update) VALUES (14585, '2005-08-21 17:18:33.000000', 82, 30, '2005-08-26 11:36:33.000000', 1, '2006-02-16 02:30:53.000000');
INSERT INTO public.rental (rental_id, rental_date, inventory_id, customer_id, return_date, staff_id, last_update) VALUES (14494, '2005-08-21 14:02:50.000000', 169, 5, '2005-08-22 16:45:50.000000', 2, '2006-02-16 02:30:53.000000');
INSERT INTO public.rental (rental_id, rental_date, inventory_id, customer_id, return_date, staff_id, last_update) VALUES (8718, '2005-07-29 17:41:14.000000', 137, 23, '2005-08-01 18:22:14.000000', 2, '2006-02-16 02:30:53.000000');
INSERT INTO public.rental (rental_id, rental_date, inventory_id, customer_id, return_date, staff_id, last_update) VALUES (10437, '2005-08-01 08:51:04.000000', 14, 1, '2005-08-10 12:12:04.000000', 1, '2006-02-16 02:30:53.000000');
INSERT INTO public.rental (rental_id, rental_date, inventory_id, customer_id, return_date, staff_id, last_update) VALUES (1033, '2005-05-31 04:50:07.000000', 14, 25, '2005-06-02 01:53:07.000000', 1, '2006-02-16 02:30:53.000000');
INSERT INTO public.rental (rental_id, rental_date, inventory_id, customer_id, return_date, staff_id, last_update) VALUES (716, '2005-05-29 04:35:29.000000', 85, 36, '2005-06-01 07:42:29.000000', 2, '2006-02-16 02:30:53.000000');
INSERT INTO public.rental (rental_id, rental_date, inventory_id, customer_id, return_date, staff_id, last_update) VALUES (10466, '2005-08-01 09:45:26.000000', 138, 2, '2005-08-06 06:28:26.000000', 1, '2006-02-16 02:30:53.000000');
INSERT INTO public.rental (rental_id, rental_date, inventory_id, customer_id, return_date, staff_id, last_update) VALUES (9699, '2005-07-31 07:29:25.000000', 199, 21, '2005-08-06 01:35:25.000000', 1, '2006-02-16 02:30:53.000000');
INSERT INTO public.rental (rental_id, rental_date, inventory_id, customer_id, return_date, staff_id, last_update) VALUES (1726, '2005-06-16 15:19:10.000000', 116, 3, '2005-06-25 11:39:10.000000', 2, '2006-02-16 02:30:53.000000');
INSERT INTO public.rental (rental_id, rental_date, inventory_id, customer_id, return_date, staff_id, last_update) VALUES (8402, '2005-07-29 06:25:45.000000', 186, 47, '2005-08-07 10:48:45.000000', 1, '2006-02-16 02:30:53.000000');
INSERT INTO public.rental (rental_id, rental_date, inventory_id, customer_id, return_date, staff_id, last_update) VALUES (6030, '2005-07-11 02:37:51.000000', 95, 36, '2005-07-16 22:34:51.000000', 2, '2006-02-16 02:30:53.000000');
INSERT INTO public.rental (rental_id, rental_date, inventory_id, customer_id, return_date, staff_id, last_update) VALUES (3150, '2005-06-20 20:35:28.000000', 94, 34, '2005-06-26 01:01:28.000000', 1, '2006-02-16 02:30:53.000000');
INSERT INTO public.rental (rental_id, rental_date, inventory_id, customer_id, return_date, staff_id, last_update) VALUES (10126, '2005-07-31 21:36:07.000000', 3, 39, '2005-08-03 23:59:07.000000', 1, '2006-02-16 02:30:53.000000');
INSERT INTO public.rental (rental_id, rental_date, inventory_id, customer_id, return_date, staff_id, last_update) VALUES (10103, '2005-07-31 20:49:13.000000', 77, 25, '2005-08-05 15:55:13.000000', 2, '2006-02-16 02:30:53.000000');
INSERT INTO public.rental (rental_id, rental_date, inventory_id, customer_id, return_date, staff_id, last_update) VALUES (4390, '2005-07-07 20:59:06.000000', 6, 44, '2005-07-09 00:04:06.000000', 2, '2006-02-16 02:30:53.000000');
INSERT INTO public.rental (rental_id, rental_date, inventory_id, customer_id, return_date, staff_id, last_update) VALUES (2438, '2005-06-18 18:34:21.000000', 184, 31, '2005-06-19 16:50:21.000000', 1, '2006-02-16 02:30:53.000000');
INSERT INTO public.rental (rental_id, rental_date, inventory_id, customer_id, return_date, staff_id, last_update) VALUES (14603, '2005-08-21 17:51:06.000000', 94, 26, '2005-08-28 15:36:06.000000', 1, '2006-02-16 02:30:53.000000');
INSERT INTO public.rental (rental_id, rental_date, inventory_id, customer_id, return_date, staff_id, last_update) VALUES (13718, '2005-08-20 09:53:44.000000', 205, 19, '2005-08-29 13:46:44.000000', 2, '2006-02-16 02:30:53.000000');
INSERT INTO public.rental (rental_id, rental_date, inventory_id, customer_id, return_date, staff_id, last_update) VALUES (9160, '2005-07-30 11:17:33.000000', 183, 34, '2005-08-06 15:16:33.000000', 2, '2006-02-16 02:30:53.000000');
INSERT INTO public.rental (rental_id, rental_date, inventory_id, customer_id, return_date, staff_id, last_update) VALUES (9157, '2005-07-30 11:06:23.000000', 146, 19, '2005-08-05 05:29:23.000000', 2, '2006-02-16 02:30:53.000000');
INSERT INTO public.rental (rental_id, rental_date, inventory_id, customer_id, return_date, staff_id, last_update) VALUES (7155, '2005-07-27 07:18:46.000000', 171, 23, '2005-08-04 10:28:46.000000', 1, '2006-02-16 02:30:53.000000');
INSERT INTO public.rental (rental_id, rental_date, inventory_id, customer_id, return_date, staff_id, last_update) VALUES (7738, '2005-07-28 05:21:42.000000', 80, 10, '2005-08-03 09:46:42.000000', 2, '2006-02-16 02:30:53.000000');
INSERT INTO public.rental (rental_id, rental_date, inventory_id, customer_id, return_date, staff_id, last_update) VALUES (1707, '2005-06-16 14:01:27.000000', 185, 4, '2005-06-18 09:35:27.000000', 1, '2006-02-16 02:30:53.000000');
INSERT INTO public.rental (rental_id, rental_date, inventory_id, customer_id, return_date, staff_id, last_update) VALUES (13519, '2005-08-20 02:37:07.000000', 182, 12, '2005-08-23 01:26:07.000000', 2, '2006-02-16 02:30:53.000000');
INSERT INTO public.rental (rental_id, rental_date, inventory_id, customer_id, return_date, staff_id, last_update) VALUES (15445, '2005-08-23 00:48:29.000000', 196, 28, '2005-08-28 00:33:29.000000', 1, '2006-02-16 02:30:53.000000');
INSERT INTO public.rental (rental_id, rental_date, inventory_id, customer_id, return_date, staff_id, last_update) VALUES (11004, '2005-08-02 05:04:18.000000', 200, 45, '2005-08-11 00:03:18.000000', 2, '2006-02-16 02:30:53.000000');
INSERT INTO public.rental (rental_id, rental_date, inventory_id, customer_id, return_date, staff_id, last_update) VALUES (14119, '2005-08-21 01:15:59.000000', 129, 53, '2005-08-27 23:36:59.000000', 2, '2006-02-16 02:30:53.000000');
INSERT INTO public.rental (rental_id, rental_date, inventory_id, customer_id, return_date, staff_id, last_update) VALUES (1305, '2005-06-15 09:59:16.000000', 187, 8, '2005-06-19 09:48:16.000000', 2, '2006-02-16 02:30:53.000000');
INSERT INTO public.rental (rental_id, rental_date, inventory_id, customer_id, return_date, staff_id, last_update) VALUES (1579, '2005-06-16 04:09:08.000000', 158, 35, '2005-06-21 05:21:08.000000', 2, '2006-02-16 02:30:53.000000');
INSERT INTO public.rental (rental_id, rental_date, inventory_id, customer_id, return_date, staff_id, last_update) VALUES (2308, '2005-06-18 08:41:48.000000', 197, 1, '2005-06-22 03:36:48.000000', 2, '2006-02-16 02:30:53.000000');
INSERT INTO public.rental (rental_id, rental_date, inventory_id, customer_id, return_date, staff_id, last_update) VALUES (1854, '2005-06-17 00:43:57.000000', 119, 37, '2005-06-23 05:49:57.000000', 1, '2006-02-16 02:30:53.000000');
INSERT INTO public.rental (rental_id, rental_date, inventory_id, customer_id, return_date, staff_id, last_update) VALUES (13480, '2005-08-20 01:10:27.000000', 206, 16, '2005-08-27 22:18:27.000000', 2, '2006-02-16 02:30:53.000000');
INSERT INTO public.rental (rental_id, rental_date, inventory_id, customer_id, return_date, staff_id, last_update) VALUES (6658, '2005-07-12 11:13:21.000000', 172, 27, '2005-07-17 09:10:21.000000', 2, '2006-02-16 02:30:53.000000');
INSERT INTO public.rental (rental_id, rental_date, inventory_id, customer_id, return_date, staff_id, last_update) VALUES (1735, '2005-06-16 15:51:52.000000', 97, 4, '2005-06-20 13:27:52.000000', 1, '2006-02-16 02:30:53.000000');
INSERT INTO public.rental (rental_id, rental_date, inventory_id, customer_id, return_date, staff_id, last_update) VALUES (12651, '2005-08-18 18:36:16.000000', 8, 34, '2005-08-22 22:01:16.000000', 1, '2006-02-16 02:30:53.000000');
INSERT INTO public.rental (rental_id, rental_date, inventory_id, customer_id, return_date, staff_id, last_update) VALUES (11284, '2005-08-02 14:42:45.000000', 172, 8, '2005-08-04 11:55:45.000000', 2, '2006-02-16 02:30:53.000000');
INSERT INTO public.rental (rental_id, rental_date, inventory_id, customer_id, return_date, staff_id, last_update) VALUES (6897, '2005-07-12 21:30:41.000000', 170, 13, '2005-07-15 03:19:41.000000', 1, '2006-02-16 02:30:53.000000');
INSERT INTO public.rental (rental_id, rental_date, inventory_id, customer_id, return_date, staff_id, last_update) VALUES (6813, '2005-07-12 18:03:50.000000', 135, 54, '2005-07-16 16:30:50.000000', 1, '2006-02-16 02:30:53.000000');
INSERT INTO public.rental (rental_id, rental_date, inventory_id, customer_id, return_date, staff_id, last_update) VALUES (11727, '2005-08-17 08:12:20.000000', 98, 6, '2005-08-19 12:45:20.000000', 1, '2006-02-16 02:30:53.000000');
INSERT INTO public.rental (rental_id, rental_date, inventory_id, customer_id, return_date, staff_id, last_update) VALUES (12357, '2005-08-18 07:40:52.000000', 166, 19, '2005-08-22 02:51:52.000000', 1, '2006-02-16 02:30:53.000000');

INSERT INTO public.payment (payment_id, customer_id, staff_id, rental_id, amount, payment_date) VALUES (18509, 4, 2, 1707, 2.99, '2007-02-16 12:29:53.996577');
INSERT INTO public.payment (payment_id, customer_id, staff_id, rental_id, amount, payment_date) VALUES (29194, 19, 1, 9157, 5.99, '2007-04-30 09:34:49.996577');
INSERT INTO public.payment (payment_id, customer_id, staff_id, rental_id, amount, payment_date) VALUES (29133, 13, 1, 6897, 2.99, '2007-04-12 19:59:07.996577');
INSERT INTO public.payment (payment_id, customer_id, staff_id, rental_id, amount, payment_date) VALUES (29232, 23, 2, 8718, 0.99, '2007-04-29 16:09:40.996577');
INSERT INTO public.payment (payment_id, customer_id, staff_id, rental_id, amount, payment_date) VALUES (29574, 51, 1, 7636, 5.99, '2007-04-27 23:37:02.996577');
INSERT INTO public.payment (payment_id, customer_id, staff_id, rental_id, amount, payment_date) VALUES (23196, 53, 2, 14119, 5.99, '2007-03-20 23:44:25.996577');
INSERT INTO public.payment (payment_id, customer_id, staff_id, rental_id, amount, payment_date) VALUES (29390, 36, 2, 6030, 0.99, '2007-04-11 01:06:17.996577');
INSERT INTO public.payment (payment_id, customer_id, staff_id, rental_id, amount, payment_date) VALUES (29604, 54, 1, 6813, 0.99, '2007-04-12 16:32:16.996577');
INSERT INTO public.payment (payment_id, customer_id, staff_id, rental_id, amount, payment_date) VALUES (18630, 31, 2, 2438, 0.99, '2007-02-18 17:02:47.996577');
INSERT INTO public.payment (payment_id, customer_id, staff_id, rental_id, amount, payment_date) VALUES (22938, 26, 2, 14603, 1.99, '2007-03-21 16:19:32.996577');
INSERT INTO public.payment (payment_id, customer_id, staff_id, rental_id, amount, payment_date) VALUES (18654, 37, 2, 1854, 3.99, '2007-02-16 23:12:23.996577');
INSERT INTO public.payment (payment_id, customer_id, staff_id, rental_id, amount, payment_date) VALUES (22737, 6, 1, 11727, 0.99, '2007-03-17 06:40:46.996577');
INSERT INTO public.payment (payment_id, customer_id, staff_id, rental_id, amount, payment_date) VALUES (18499, 1, 1, 2308, 4.99, '2007-02-18 07:10:14.996577');
INSERT INTO public.payment (payment_id, customer_id, staff_id, rental_id, amount, payment_date) VALUES (29101, 10, 1, 7738, 2.99, '2007-04-28 03:50:08.996577');
INSERT INTO public.payment (payment_id, customer_id, staff_id, rental_id, amount, payment_date) VALUES (29492, 44, 2, 4390, 0.99, '2007-04-07 19:27:32.996577');
INSERT INTO public.payment (payment_id, customer_id, staff_id, rental_id, amount, payment_date) VALUES (18510, 4, 2, 1735, 0.99, '2007-02-16 14:20:18.996577');
INSERT INTO public.payment (payment_id, customer_id, staff_id, rental_id, amount, payment_date) VALUES (29230, 23, 1, 7155, 7.99, '2007-04-27 05:47:12.996577');
INSERT INTO public.payment (payment_id, customer_id, staff_id, rental_id, amount, payment_date) VALUES (22927, 25, 1, 14236, 4.99, '2007-03-21 03:41:42.996577');
INSERT INTO public.payment (payment_id, customer_id, staff_id, rental_id, amount, payment_date) VALUES (29277, 27, 2, 6658, 4.99, '2007-04-12 09:41:47.996577');
INSERT INTO public.payment (payment_id, customer_id, staff_id, rental_id, amount, payment_date) VALUES (29369, 34, 1, 9160, 3.99, '2007-04-30 09:45:59.996577');
INSERT INTO public.payment (payment_id, customer_id, staff_id, rental_id, amount, payment_date) VALUES (23016, 34, 1, 12651, 0.99, '2007-03-18 17:04:42.996577');
INSERT INTO public.payment (payment_id, customer_id, staff_id, rental_id, amount, payment_date) VALUES (22960, 28, 1, 15445, 4.99, '2007-03-22 23:16:55.996577');
INSERT INTO public.payment (payment_id, customer_id, staff_id, rental_id, amount, payment_date) VALUES (22731, 5, 2, 14494, 2.99, '2007-03-21 12:31:16.996577');
INSERT INTO public.payment (payment_id, customer_id, staff_id, rental_id, amount, payment_date) VALUES (22859, 19, 1, 13718, 8.99, '2007-03-20 08:22:10.996577');
INSERT INTO public.payment (payment_id, customer_id, staff_id, rental_id, amount, payment_date) VALUES (29526, 47, 2, 8402, 6.99, '2007-04-29 04:54:11.996577');
INSERT INTO public.payment (payment_id, customer_id, staff_id, rental_id, amount, payment_date) VALUES (23111, 45, 1, 11004, 8.99, '2007-03-02 03:32:44.996577');
INSERT INTO public.payment (payment_id, customer_id, staff_id, rental_id, amount, payment_date) VALUES (29216, 21, 1, 9699, 5.99, '2007-04-30 05:57:51.996577');
INSERT INTO public.payment (payment_id, customer_id, staff_id, rental_id, amount, payment_date) VALUES (22759, 8, 2, 11284, 2.99, '2007-03-02 13:11:11.996577');
INSERT INTO public.payment (payment_id, customer_id, staff_id, rental_id, amount, payment_date) VALUES (29034, 4, 1, 8741, 3.99, '2007-04-29 17:13:23.996577');
INSERT INTO public.payment (payment_id, customer_id, staff_id, rental_id, amount, payment_date) VALUES (29084, 8, 2, 10141, 0.99, '2007-04-30 20:36:55.996577');
INSERT INTO public.payment (payment_id, customer_id, staff_id, rental_id, amount, payment_date) VALUES (23136, 46, 1, 15758, 5.99, '2007-03-23 11:15:52.996577');
INSERT INTO public.payment (payment_id, customer_id, staff_id, rental_id, amount, payment_date) VALUES (22858, 19, 2, 12357, 2.99, '2007-03-18 06:09:18.996577');
INSERT INTO public.payment (payment_id, customer_id, staff_id, rental_id, amount, payment_date) VALUES (18644, 34, 1, 3150, 0.99, '2007-02-20 19:03:54.996577');
INSERT INTO public.payment (payment_id, customer_id, staff_id, rental_id, amount, payment_date) VALUES (18527, 8, 2, 1305, 2.99, '2007-02-15 08:27:42.996577');
INSERT INTO public.payment (payment_id, customer_id, staff_id, rental_id, amount, payment_date) VALUES (18645, 35, 1, 1579, 0.99, '2007-02-16 02:37:34.996577');
INSERT INTO public.payment (payment_id, customer_id, staff_id, rental_id, amount, payment_date) VALUES (22680, 1, 2, 10437, 4.99, '2007-03-01 07:19:30.996577');
INSERT INTO public.payment (payment_id, customer_id, staff_id, rental_id, amount, payment_date) VALUES (22691, 2, 1, 10466, 0.99, '2007-03-01 08:13:52.996577');
INSERT INTO public.payment (payment_id, customer_id, staff_id, rental_id, amount, payment_date) VALUES (18504, 3, 1, 1726, 6.99, '2007-02-16 13:47:36.996577');
INSERT INTO public.payment (payment_id, customer_id, staff_id, rental_id, amount, payment_date) VALUES (22985, 30, 1, 14585, 2.99, '2007-03-21 15:46:59.996577');
INSERT INTO public.payment (payment_id, customer_id, staff_id, rental_id, amount, payment_date) VALUES (29257, 25, 2, 10103, 2.99, '2007-04-30 19:17:39.996577');
INSERT INTO public.payment (payment_id, customer_id, staff_id, rental_id, amount, payment_date) VALUES (29437, 39, 1, 10126, 0.99, '2007-04-30 20:04:33.996577');
INSERT INTO public.payment (payment_id, customer_id, staff_id, rental_id, amount, payment_date) VALUES (22841, 16, 1, 13480, 6.99, '2007-03-19 23:38:53.996577');
INSERT INTO public.payment (payment_id, customer_id, staff_id, rental_id, amount, payment_date) VALUES (23067, 39, 2, 12268, 0.99, '2007-03-18 02:55:20.996577');
INSERT INTO public.payment (payment_id, customer_id, staff_id, rental_id, amount, payment_date) VALUES (22792, 12, 2, 13519, 0.99, '2007-03-20 01:05:33.996577');
